1.652083,-0.665622,-12.9916,-0.868095,-0.619973,0.082204,-105.548233,-922.243469,3322.923339
1.814897,0.038309,-15.002833,-1.275964,-1.098817,0.230544,-104.289566,-924.221374,3324.483642
2.269819,0.076618,-16.664493,-1.487422,-1.316667,0.400589,-104.289566,-924.221374,3324.483642
-0.014366,-0.17718,-15.290152,-1.684898,-1.406816,0.803132,-104.289566,-924.221374,3324.483642
-2.925864,1.685604,-13.293286,-1.062641,-1.636651,0.252116,-104.289566,-924.221374,3324.483642
0.852379,1.570676,-14.734668,-0.595516,-1.690847,-0.034311,-104.289566,-924.221374,3324.483642
0.957729,-1.206739,-14.691571,0.557384,-0.666313,-0.244438,-91.523086,-933.751281,3330.551513
1.393496,-0.076618,-14.37552,1.123314,-0.240867,-0.402632,-91.523086,-933.751281,3330.551513
2.456576,2.719952,-15.860001,1.678725,0.516814,0.060232,-91.523086,-933.751281,3330.551513
1.201951,2.69122,-14.504814,1.874071,0.928146,0.592473,-91.523086,-933.751281,3330.551513
-1.388708,2.384746,-12.685128,1.992051,1.346268,0.605256,-88.825942,-935.009948,3339.39331
-3.170084,3.39994,-11.449656,1.971012,1.535622,0.015624,-88.825942,-935.009948,3339.39331
-5.91398,7.048889,-7.82465,1.435442,1.582095,-1.102388,-88.825942,-935.009948,3339.39331
-5.746377,8.902096,-5.262723,0.653126,1.293404,-1.0675,-88.825942,-935.009948,3339.39331
-5.779897,9.802362,-1.048714,-1.161313,0.134245,-0.372538,-155.894927,-937.707092,3213.702392
-6.65622,8.882942,1.455749,-2.066535,-0.73236,-0.359888,-155.894927,-937.707092,3213.702392
-13.322017,5.755954,2.561926,-2.150825,-0.77364,-0.752177,-155.894927,-937.707092,3213.702392
12.551045,2.643333,-56.889129,-1.896223,-4.371093,-1.297734,-155.894927,-937.707092,3213.702392
6.823822,6.598756,-22.889734,-1.459458,-1.671139,-1.178822,456.53656,-998.123107,3885.325683
-10.166299,11.08572,6.766359,-1.072362,0.109611,-1.050323,456.53656,-998.123107,3885.325683
-8.202954,11.176704,-10.23334,-0.996061,-2.590476,0.675166,456.53656,-998.123107,3885.325683
-6.72805,7.039312,-26.936141,-1.053853,-2.759589,1.31247,456.53656,-998.123107,3885.325683
-9.208569,3.265857,-19.796268,-0.577539,0.015733,0.505919,107.166519,-1025.633911,3655.614501
-6.555658,4.654565,-20.763574,-0.739329,-0.130477,-0.820222,107.166519,-1025.633911,3655.614501
7.906057,2.121371,-29.871582,-1.188744,-0.27682,-1.219037,107.166519,-1025.633911,3655.614501
11.219801,-5.0616,-23.076492,-0.996727,0.086175,0.060632,107.166519,-1025.633911,3655.614501
-2.719952,-7.494233,-12.598932,-1.713261,-0.597469,1.729127,-151.759307,-928.896423,3406.312988
6.857343,-0.507597,-20.67259,0.263766,-1.502691,-0.069066,-151.759307,-928.896423,3406.312988
-8.562102,3.969789,-19.915985,1.977004,0.148493,1.415669,-68.147834,-985.176818,3429.717529
-6.603545,1.9825,-12.838364,2.520696,1.943891,0.694474,-68.147834,-985.176818,3429.717529
-10.372211,3.78782,-9.845459,3.33031,2.318204,-0.152558,-68.147834,-985.176818,3429.717529
-7.475079,9.567718,-8.902096,4.348052,2.101286,-0.984409,-68.147834,-985.176818,3429.717529
-5.38244,10.228551,-9.452791,4.203174,2.45203,-1.086542,-146.54483,-960.363098,3293.797851
-7.431981,7.901268,-8.552525,3.909689,3.603465,-0.348436,-146.54483,-960.363098,3293.797851
-7.422403,7.01058,-8.906885,2.928166,3.04579,-0.648978,-146.54483,-960.363098,3293.797851
-6.919596,6.72805,-9.572506,2.116289,2.583991,-0.799582,-146.54483,-960.363098,3293.797851
-7.269167,6.325803,-8.303515,0.518235,1.007909,-1.785766,-185.383697,-924.401184,3262.591796
-7.599584,8.293938,-5.818207,-0.426269,-0.077879,-2.189108,-185.383697,-924.401184,3262.591796
-8.011407,12.412175,0.914632,-1.877581,-1.727066,-1.635961,-185.383697,-924.401184,3262.591796
-11.133605,8.097603,3.194028,-1.759601,-1.525595,-0.31954,-185.383697,-924.401184,3262.591796
-23.981546,4.932307,-3.122198,-1.745353,-3.008865,0.455052,-321.499572,-805.906616,2878.583984
-2.461365,-1.977711,-20.988641,-3.9128,-2.112831,-1.05778,-321.499572,-805.906616,2878.583984
-7.522965,12.115279,5.516522,-1.303128,0.113606,-1.910537,-321.499572,-805.906616,2878.583984
-11.990774,17.224763,-5.602717,-1.957211,-3.261603,0.15198,-321.499572,-805.906616,2878.583984
-6.900441,3.289801,-37.576515,-1.551339,-2.65133,2.213963,-238.067916,-1012.687683,3231.905761
-6.12468,0.838013,-25.959257,-1.318309,-0.938093,1.514207,-238.067916,-1012.687683,3231.905761
5.372862,1.632929,-23.948024,-1.370907,-0.669642,-0.67814,-238.067916,-1012.687683,3231.905761
3.672893,1.230682,-20.715688,-1.102856,-0.137401,0.012694,-238.067916,-1012.687683,3231.905761
3.778243,-12.325979,-13.705109,-1.693021,-0.04086,1.934327,-144.926544,-928.896423,3395.564208
-0.660833,-7.101564,-17.004486,-2.161079,-1.442903,-0.513155,-144.926544,-928.896423,3395.564208
2.882766,-2.164469,-17.990947,-2.336451,-2.40858,-1.59588,-144.926544,-928.896423,3395.564208
1.336033,3.050368,-24.513086,-0.816961,-2.388739,-0.068534,-144.926544,-928.896423,3395.564208
-5.894825,3.036002,-24.307174,0.210103,-1.322925,1.067189,11.148196,-986.435485,3566.157226
-9.366595,4.405556,-17.128992,1.836254,0.920556,1.137764,11.148196,-986.435485,3566.157226
-11.736975,8.839843,-6.58439,4.348052,3.772578,-1.383756,-154.99588,-920.625122,3315.815429
-7.192548,14.222283,-5.032868,4.348052,4.262607,-1.623444,-154.99588,-920.625122,3315.815429
-7.494233,17.334903,-4.472597,4.348052,4.355553,-0.754042,-154.99588,-920.625122,3315.815429
-9.974753,12.718648,-8.049716,4.124609,3.80427,1.40435,-154.99588,-920.625122,3315.815429
-7.762397,5.454269,-9.337862,1.745172,1.67331,0.70233,-156.614166,-952.091857,3334.365722
-9.634759,7.077621,-3.572331,0.607985,0.961436,-0.487588,-156.614166,-952.091857,3334.365722
-8.619565,10.846287,0.684777,-1.570514,-0.89668,-2.306289,-156.614166,-952.091857,3334.365722
-5.229203,14.385097,3.644161,-1.668253,-1.459281,-2.408955,-156.614166,-952.091857,3334.365722
2.873188,35.536552,-51.750911,-3.054183,-4.371093,0.017488,-396.120544,-736.320312,2687.360351
-2.581081,3.988943,-30.747905,-4.378594,-4.371093,-0.595448,-396.120544,-736.320312,2687.360351
-17.224763,21.529758,7.891691,-0.897123,0.158081,-0.364415,-396.120544,-736.320312,2687.360351
-12.9916,13.580604,-15.409868,-2.030715,-4.200248,0.690878,-396.120544,-736.320312,2687.360351
-1.838841,4.539638,-49.99348,-2.088507,-4.082934,1.607419,-396.120544,-736.320312,2687.360351
0.225066,-4.28584,-23.780422,-1.843892,-0.456053,1.243626,323.297668,-1159.052734,3873.016601
7.068044,-3.534022,-22.923255,-1.84722,-0.842218,0.535747,323.297668,-1159.052734,3873.016601
1.513213,-7.465501,-17.042795,-1.698747,-0.920915,2.168423,323.297668,-1159.052734,3873.016601
-0.320839,-13.125683,-16.405906,-2.614888,-0.799606,1.40941,-202.285797,-774.79956,3291.370605
-2.633756,-7.704934,-14.945369,-2.971891,-1.203348,-0.971492,-202.285797,-774.79956,3291.370605
7.997041,0.067041,-20.931177,-2.210082,-2.56411,-2.21574,-202.285797,-774.79956,3291.370605
2.322494,4.898786,-21.831443,-1.00991,-2.170489,-1.149128,-202.285797,-774.79956,3291.370605
-8.212531,3.835706,-23.909715,0.42489,-0.386277,1.370128,113.639663,-1017.003112,3632.036621
-10.7984,4.860477,-14.504814,1.99285,2.206349,1.097549,113.639663,-1017.003112,3632.036621
-10.702628,4.300205,-10.199819,2.915516,3.265238,0.008966,113.639663,-1017.003112,3632.036621
-14.298902,9.481522,-4.07035,4.348052,4.121458,-1.582963,113.639663,-1017.003112,3632.036621
-9.424058,10.712204,-3.917114,4.348052,4.038499,-2.329725,113.639663,-1017.003112,3632.036621
-7.111141,20.988641,-7.159028,4.348052,4.144628,-0.239245,-158.052642,-948.495666,3267.792724
-10.903751,9.778418,-4.640199,3.231372,2.780269,1.897575,-158.052642,-948.495666,3267.792724
-7.973098,5.41596,-5.511733,2.366497,1.889029,1.356013,-158.052642,-948.495666,3267.792724
-5.114275,12.574989,0.277742,-1.073294,-0.281214,-2.026253,-196.352081,-862.72644,3246.815429
-32.074359,4.549215,8.135912,-0.602307,-0.31517,0.162632,-196.352081,-862.72644,3246.815429
-6.522138,-2.001655,-33.491798,-4.378594,-4.371093,1.125113,1237.989135,-570.176269,4159.245605
-5.535676,-0.962518,-5.741588,-1.932709,0.0152,0.211369,1237.989135,-570.176269,4159.245605
-16.089855,11.842326,0.138871,-2.166805,-2.087531,-0.970959,1237.989135,-570.176269,4159.245605
-12.335556,16.721956,-13.508775,-2.171865,-4.313834,-0.301297,1237.989135,-570.176269,4159.245605
-4.03683,7.182971,-32.840545,-1.621248,-1.540908,2.343661,1237.989135,-570.176269,4159.245605
-3.385574,-3.945845,-24.273653,-1.84722,-0.1896,1.985327,373.464538,-685.614013,3929.01416
2.758261,-2.379958,-21.261594,-1.627373,-0.309444,-0.126591,373.464538,-685.614013,3929.01416
3.299378,-11.732187,-17.832923,-1.797419,0.245567,1.674399,373.464538,-685.614013,3929.01416
4.381612,-15.433811,-16.67407,-2.425934,-0.204913,1.162531,373.464538,-685.614013,3929.01416
3.332899,-4.482174,-20.816249,-3.835167,-2.838687,-1.969527,-447.546081,-744.951171,3093.732421
7.968309,1.029559,-24.163515,-3.623842,-3.75616,-2.063405,-447.546081,-744.951171,3093.732421
-7.436769,6.76157,-25.456449,-1.136013,-2.474494,0.921112,-447.546081,-744.951171,3093.732421
-7.431981,-0.421401,-23.722959,0.530086,-0.101847,1.69131,-447.546081,-744.951171,3093.732421
-12.182319,2.250664,-15.917465,1.638378,1.731501,0.846543,260.903717,-861.108154,3850.652343
-14.954946,6.081582,-5.890036,4.348052,3.92265,-1.660063,260.903717,-861.108154,3850.652343
-16.942234,12.139222,-3.012059,4.348052,4.355553,-2.469676,260.903717,-861.108154,3850.652343
-6.862132,14.581432,-1.747856,4.348052,4.355553,-2.660628,260.903717,-861.108154,3850.652343
-7.618738,25.001527,-1.719124,4.348052,4.355553,1.615675,-192.036651,-972.410339,3264.845458
-13.087374,16.990121,-3.141353,4.348052,4.355553,3.208669,-192.036651,-972.410339,3264.845458
-6.957905,4.175701,-13.460888,3.459475,1.298331,1.598364,-192.036651,-972.410339,3264.845458
-5.794263,9.586873,-8.25084,1.971944,0.946122,0.09805,-192.036651,-972.410339,3264.845458
-9.175049,12.445695,-0.751818,-0.48486,-0.163101,-2.098958,-194.733795,-838.452148,3337.833007
-10.290803,15.845635,0.301685,-1.27876,-1.275787,-2.154486,-194.733795,-838.452148,3337.833007
2.40869,12.737803,-57.798973,-4.378594,-4.371093,-0.610362,-194.733795,-838.452148,3337.833007
-11.521486,5.822995,5.52131,-1.498341,0.832803,0.397127,-194.733795,-838.452148,3337.833007
-23.493104,11.272477,6.910018,-2.028052,0.422271,-0.107683,-270.793243,-713.124877,2964.920898
-0.747029,2.887554,-27.697536,-1.807273,-1.430119,1.569735,-270.793243,-713.124877,2964.920898
3.634583,-8.873364,-27.769367,-2.800114,-1.659687,1.452421,-98.715469,-931.233947,3661.682373
0.10535,-12.081758,-26.687131,-3.175492,-1.565277,1.326452,-98.715469,-931.233947,3661.682373
2.317705,-13.010755,-23.761268,-3.500802,-1.348625,0.928569,-98.715469,-931.233947,3661.682373
-1.182796,-3.457403,-18.493755,-2.791192,-0.967921,-0.873353,-98.715469,-931.233947,3661.682373
5.91398,-2.652911,-19.71965,-2.211413,-1.488443,-1.619183,40.277351,-949.754333,3754.086914
-8.940405,5.353708,-28.578647,-0.437055,-1.029174,0.423493,40.277351,-949.754333,3754.086914
-5.87567,4.405556,-18.072355,1.670869,2.410484,0.426023,40.277351,-949.754333,3754.086914
-11.186281,5.799052,-12.426541,2.680355,3.784563,-0.151759,40.277351,-949.754333,3754.086914
-12.302036,9.80715,-5.315399,4.348052,4.355553,-1.592018,-27.151248,-961.082336,3534.431152
-12.752168,13.671588,-5.698491,4.348052,4.355553,-2.106016,-27.151248,-961.082336,3534.431152
-10.204608,16.851249,-6.598756,4.348052,4.355553,-1.447939,-27.151248,-961.082336,3534.431152
-14.753823,15.175224,-3.802186,4.348052,4.355553,-0.354961,-27.151248,-961.082336,3534.431152
-11.310786,9.519831,-8.461541,2.841079,2.951913,-0.339248,-286.436706,-912.174072,3232.079101
-9.625182,9.127162,-3.074312,0.552324,0.634927,-0.592918,-286.436706,-912.174072,3232.079101
-10.199819,10.7984,-2.212355,-0.617487,-0.503059,-0.915698,-286.436706,-912.174072,3232.079101
-6.603545,14.983678,-1.87715,-1.336418,-2.571834,0.2388,-286.436706,-912.174072,3232.079101
-8.916462,2.078273,-48.360549,-4.207883,-4.371093,3.28244,-244.90068,-932.852233,3196.885742
-2.791781,4.980193,-24.972795,-2.543248,-4.371093,2.140459,-244.90068,-932.852233,3196.885742
-25.681516,5.339342,5.056812,-2.126457,0.462352,-0.883074,-244.90068,-932.852233,3196.885742
-9.821516,7.254801,-7.839016,-1.777312,-3.184503,-1.716523,-244.90068,-932.852233,3196.885742
0.383092,13.480043,-27.802886,-1.540686,-3.676796,-1.344873,149.062164,-1248.777709,3683.179931
-7.096776,2.686431,-20.543296,-1.346006,-1.294962,3.023044,149.062164,-1248.777709,3683.179931
-3.026425,-4.28584,-23.54099,-1.83963,-1.603227,2.448059,149.062164,-1248.777709,3683.179931
-0.110139,-5.281878,-22.281576,-1.599809,-1.036898,0.924841,149.062164,-1248.777709,3683.179931
1.795743,-7.393671,-19.571201,-1.63523,-0.783494,1.110599,143.847686,-917.388549,3744.725097
7.987464,-12.733014,-23.96239,-2.674145,-1.166729,0.677696,143.847686,-917.388549,3744.725097
-0.857168,4.908364,-29.071878,-1.177692,-1.729596,0.196721,143.847686,-917.388549,3744.725097
-7.489445,1.077446,-22.549739,1.302681,1.095927,1.971745,241.304489,-1084.61145,3871.976318
-9.80715,2.882766,-15.223111,2.140791,2.446703,1.173317,241.304489,-1084.61145,3871.976318
-11.4736,8.064083,-9.649125,3.973473,3.674439,-0.552304,241.304489,-1084.61145,3871.976318
-13.676378,11.842326,-9.390538,4.348052,4.355553,-1.625841,37.220588,-981.221008,3563.55664
-11.971619,11.315574,-6.608334,4.348052,4.355553,-1.965931,37.220588,-981.221008,3563.55664
-18.436292,27.003183,-0.038309,4.348052,4.355553,-0.97309,37.220588,-981.221008,3563.55664
-12.268515,23.138744,-2.193201,4.348052,4.190967,0.860791,37.220588,-981.221008,3563.55664
-9.87898,10.281227,-2.365592,2.306042,0.846519,4.15597,-83.611465,-974.028625,3383.255126
-8.495061,9.457579,3.265857,0.835556,-0.008902,3.197484,-83.611465,-974.028625,3383.255126
-17.081106,18.838539,-8.380133,-2.551904,-3.152678,-0.036442,-83.611465,-974.028625,3383.255126
-6.402421,16.271823,-24.508296,-3.8618,-4.371093,-1.92332,-83.611465,-974.028625,3383.255126
-2.351226,11.856692,-1.067868,-0.94333,-0.644608,0.384344,-83.611465,-974.028625,3383.255126
-13.906232,4.194855,-7.762397,-3.382556,-2.069288,1.785188,-108.425186,-795.65747,3353.782714
-8.791957,3.840495,-15.725918,-2.919159,-3.304347,0.809924,-108.425186,-795.65747,3353.782714
-0.253798,8.547736,-26.19869,-1.519247,-1.666878,-1.620115,-108.425186,-795.65747,3353.782714
-0.91942,7.034523,-18.603895,-1.637893,-1.062198,0.696737,23.914676,-1041.996582,3623.194824
1.9825,-0.378303,-24.594493,-2.286382,-1.664348,1.598497,23.914676,-1041.996582,3623.194824
3.835706,-9.4911,-22.492277,-2.105018,-1.403887,2.153775,23.914676,-1041.996582,3623.194824
3.534022,-11.416136,-21.477083,-2.550572,-1.509749,2.234337,23.914676,-1041.996582,3623.194824
2.188412,-10.76488,-23.066913,-3.562322,-1.644773,0.89448,23.914676,-1041.996582,3623.194824
-5.971443,2.063907,-19.896829,-2.579601,-1.805897,-1.725045,90.444229,-859.310058,3675.551757
-0.584215,3.878804,-28.444564,-1.863466,-2.162367,-1.284951,90.444229,-859.310058,3675.551757
-4.458231,8.078449,-19.168954,0.52476,1.200458,0.631356,90.444229,-859.310058,3675.551757
-5.473424,8.25084,-12.230206,2.049176,2.616083,1.15068,90.444229,-859.310058,3675.551757
-9.222935,6.790302,-4.118237,4.10903,4.093494,0.723236,69.766128,-1037.860961,3608.45874
-8.63872,6.51256,-5.13343,4.348052,4.355553,-1.391612,69.766128,-1037.860961,3608.45874
-6.780725,10.463195,-8.332247,4.348052,4.355553,-2.301362,69.766128,-1037.860961,3608.45874
-14.265381,8.451963,-2.873188,2.431346,4.355553,-0.798251,40.81678,-1017.90216,3562.516601
-12.546257,11.377827,2.54756,0.203445,1.104583,-0.994396,40.81678,-1017.90216,3562.516601
-12.354711,10.300381,2.068696,-0.481265,-0.630493,-0.496643,40.81678,-1017.90216,3562.516601
-1.067868,10.836709,-49.80672,-3.673777,-4.371093,1.350553,-462.650115,-871.896728,3001.50122
-15.558316,2.308128,14.404252,-2.271868,1.344537,1.553623,-462.650115,-871.896728,3001.50122
-24.939275,1.719124,2.782204,-2.688127,-0.219295,0.311639,-462.650115,-871.896728,3001.50122
-7.317053,7.537331,-20.437946,-1.95255,-3.90956,-0.755906,-462.650115,-871.896728,3001.50122
4.558792,2.772627,-35.86697,-2.354827,-3.002074,-1.570046,451.322082,-1275.569335,3882.031738
2.983327,3.524445,-17.612646,-1.969062,-0.338739,0.336007,451.322082,-1275.569335,3882.031738
6.091159,-0.416612,-20.552875,-2.85178,-1.079642,-0.777078,451.322082,-1275.569335,3882.031738
5.233992,-0.306473,-18.426715,-2.940065,-0.988294,-0.892129,451.322082,-1275.569335,3882.031738
3.136564,-2.581081,-14.251015,-3.217837,0.457425,-0.570946,410.50531,-841.68872,3983.798095
-1.082234,0.368726,-11.037833,-2.940198,0.830673,-0.909972,410.50531,-841.68872,3983.798095
1.944191,0.268164,-14.495236,-2.932475,0.734398,-0.79146,410.50531,-841.68872,3983.798095
-13.254977,1.436594,-18.733188,-1.387419,1.883037,0.502856,410.50531,-841.68872,3983.798095
-12.9916,-1.623351,-23.694227,-0.432661,3.516778,1.37146,371.486633,-911.275024,3841.810546
-17.756303,-3.988943,-13.432156,1.109865,4.355553,0.478488,371.486633,-911.275024,3841.810546
-24.115629,-6.541292,-12.091335,2.20058,4.355553,-1.468046,371.486633,-911.275024,3841.810546
-24.49393,0.325628,-8.265206,4.201443,4.355553,-4.389711,371.486633,-911.275024,3841.810546
-16.233514,5.013714,-13.848769,3.67879,4.355553,-4.389711,-145.465972,-802.849853,3313.561523
-9.606027,16.00366,-22.444391,2.812716,4.355553,-4.389711,-145.465972,-802.849853,3313.561523
-9.567718,8.337036,-4.290628,2.560644,4.355553,-4.265606,-145.465972,-802.849853,3313.561523
-11.507121,6.282705,-0.861956,1.751564,2.742052,-2.564353,-145.465972,-802.849853,3313.561523
-16.252668,16.626184,2.312917,0.516504,-0.57097,-0.734467,-338.042053,-870.638061,3024.905761
-8.964348,23.268037,0.019155,-1.178624,-2.70273,0.472762,-338.042053,-870.638061,3024.905761
-0.2107,7.590006,-27.611341,-0.331326,-3.255611,0.131872,-338.042053,-870.638061,3024.905761
-5.123853,9.615605,-17.459407,-0.568617,-1.378453,0.735088,-338.042053,-870.638061,3024.905761
-15.596625,2.945018,-3.352053,-0.620949,0.052219,0.708855,-230.15628,-909.117309,3127.192138
1.690392,6.546081,-22.803539,-0.640657,1.189139,-2.290576,-230.15628,-909.117309,3127.192138
3.71599,2.312917,-15.927042,-1.05878,1.629899,-3.131082,80.914321,-999.381774,3765.182373
4.362458,1.41744,-16.128164,-1.277961,1.325362,-3.244135,80.914321,-999.381774,3765.182373
4.132603,-5.569197,-12.670762,-2.021128,1.348798,-2.605366,80.914321,-999.381774,3765.182373
-2.092639,-6.981848,-13.432156,-3.463384,1.073956,-2.480062,80.914321,-999.381774,3765.182373
-4.764704,-7.518177,-13.84398,-4.009341,0.860367,-3.468909,80.914321,-999.381774,3765.182373
-7.728877,-0.617735,-15.907887,-3.94103,0.326928,-4.389711,-80.554702,-793.319946,3515.187255
-6.450308,2.667277,-18.129819,-3.275629,0.117733,-4.389711,-80.554702,-793.319946,3515.187255
-5.363285,8.241263,-19.743593,-1.615389,0.976083,-3.431491,-80.554702,-793.319946,3515.187255
-8.274784,7.89648,-17.919118,-0.780342,1.907804,-1.097062,-80.554702,-793.319946,3515.187255
-11.526275,7.795918,-14.538334,0.857527,3.397732,1.494633,396.300354,-1040.018676,3833.835693
-10.721782,7.39846,-10.889385,1.918813,4.030642,1.562411,396.300354,-1040.018676,3833.835693
-12.618086,3.562754,-4.927518,4.081998,4.282049,0.427621,396.300354,-1040.018676,3833.835693
-10.525447,4.127814,-3.50529,4.348052,3.691617,-0.636861,396.300354,-1040.018676,3833.835693
-11.262899,13.436945,-1.800531,4.348052,3.223026,-2.128919,-267.91629,-888.978637,3219.07666
-9.323497,11.660357,-4.98977,2.595532,1.239208,-1.221034,-267.91629,-888.978637,3219.07666
-9.888557,11.176704,-4.707241,1.370193,-0.057239,-0.114341,-267.91629,-888.978637,3219.07666
-8.298727,10.123201,2.154891,-0.857442,-1.587248,1.30701,-267.91629,-888.978637,3219.07666
-6.914807,4.67372,3.763877,-1.576107,-1.888989,0.863321,-187.901031,-916.489501,3227.918457
-0.81407,13.705109,-16.539987,-2.796918,-2.930833,-1.612791,-187.901031,-916.489501,3227.918457
-2.284185,-2.873188,-40.133655,-3.97685,-3.226315,-2.607364,-187.901031,-916.489501,3227.918457
-2.025598,16.362808,-7.11593,-0.483528,-0.830899,0.413906,-187.901031,-916.489501,3227.918457
-13.111317,8.53337,-3.950634,-1.597812,-1.1373,1.841248,-228.717803,-1001.539489,3251.322998
-12.766534,6.115103,-10.707416,-1.316444,-1.958632,2.084931,-228.717803,-1001.539489,3251.322998
-6.72805,7.326631,-26.629667,-1.036009,-1.156475,0.141327,-228.717803,-1001.539489,3251.322998
-6.919596,5.746377,-22.51622,-0.90458,0.251559,-0.583863,-228.717803,-1001.539489,3251.322998
1.618563,2.964173,-24.340694,-1.163444,0.09443,-1.216107,372.925109,-1012.328063,3896.594482
8.715339,-5.755954,-25.41814,-1.184216,0.12772,0.546,372.925109,-1012.328063,3896.594482
-0.928998,-7.839016,-15.247054,-3.700542,-1.590577,-2.178322,-383.893493,-759.335937,3213.355468
2.255453,-0.909843,-18.12503,-3.135678,-2.602461,-3.484622,-383.893493,-759.335937,3213.355468
-4.118237,11.109663,-26.117282,-1.035077,-2.51564,-1.914532,-383.893493,-759.335937,3213.355468
-0.225066,8.538159,-22.583261,-0.148631,-1.076313,-0.045364,-383.893493,-759.335937,3213.355468
-8.255629,8.624355,-10.578123,2.120284,1.28355,2.040189,362.496154,-1031.387817,3811.298095
-10.084892,6.062427,-5.48779,3.703424,2.692916,1.029238,362.496154,-1031.387817,3811.298095
-10.242918,5.722434,-3.476558,4.348052,3.091997,0.144922,362.496154,-1031.387817,3811.298095
-6.933961,9.668279,-5.090332,4.348052,3.474033,-1.428231,362.496154,-1031.387817,3811.298095
-4.654565,12.871885,-4.735972,4.348052,4.057141,-1.50107,362.496154,-1031.387817,3811.298095
-8.490272,16.645338,-5.550042,4.348052,4.355553,-0.059079,39.018684,-1047.750488,3504.61206
-9.538986,13.345961,-8.71055,4.348052,3.438879,0.924308,39.018684,-1047.750488,3504.61206
-12.062603,6.349746,-4.697663,0.804529,0.986736,0.729229,39.018684,-1047.750488,3504.61206
-11.492754,7.369729,-0.153237,-0.652641,-0.18667,-0.506763,39.018684,-1047.750488,3504.61206
-19.432331,16.185628,6.421576,-1.7608,-2.286738,-1.73623,-255.689254,-780.733276,3151.810302
-3.371208,2.605024,-29.584262,-4.378594,-4.371093,-2.27473,-255.689254,-780.733276,3151.810302
-1.427017,17.98616,-13.824826,-1.590355,-2.203912,-1.022759,-255.689254,-780.733276,3151.810302
-12.665973,5.909191,-6.804668,-1.934307,-1.422263,1.949774,-325.275573,-923.681945,2975.843017
-12.833576,6.565236,-11.962041,-1.908474,-2.064627,1.473993,-325.275573,-923.681945,2975.843017
-3.725568,2.217144,-33.635459,-1.620183,-2.117492,0.004438,-325.275573,-923.681945,2975.843017
0.383092,2.250664,-28.842023,-1.796886,-0.733559,-1.016367,-325.275573,-923.681945,2975.843017
5.492578,0.181969,-20.313442,-1.718854,-0.522367,-0.839797,-325.275573,-923.681945,2975.843017
3.036002,-4.477385,-14.768189,-1.542151,-0.603728,1.855896,413.921691,-1047.930297,3958.659912
1.963345,-8.078449,-13.010755,-1.982245,-0.704131,1.9555,413.921691,-1047.930297,3958.659912
3.581908,-8.724916,-17.650955,-3.057646,-2.110834,0.106971,413.921691,-1047.930297,3958.659912
10.501504,-4.012887,-25.566589,-3.406658,-2.833227,-0.492515,413.921691,-1047.930297,3958.659912
-3.778243,6.244396,-20.682168,-2.213677,-2.183539,0.646802,547.340393,-967.73529,4033.901123
-5.229203,5.760743,-21.759613,-1.059978,-1.100814,1.642174,547.340393,-967.73529,4033.901123
-9.433636,5.186105,-17.87602,-0.33905,-0.047918,1.646568,547.340393,-967.73529,4033.901123
-10.314747,11.607682,-3.294589,4.348052,3.735293,-1.417046,286.436706,-986.974914,3703.983886
-7.211703,10.712204,-5.41596,4.348052,4.355553,-1.180021,286.436706,-986.974914,3703.983886
-8.35619,12.574989,-5.578774,4.348052,4.355553,-0.756172,286.436706,-986.974914,3703.983886
-8.471117,19.010931,-6.76157,4.348052,4.355553,0.646802,47.110115,-1059.797729,3507.906005
-9.500677,6.617911,-5.866093,2.724565,2.112871,2.628624,47.110115,-1059.797729,3507.906005
-12.129644,7.901268,-0.766184,0.929567,1.047857,1.794775,47.110115,-1059.797729,3507.906005
-6.962693,10.535025,3.850073,-0.853713,-0.531955,-1.46738,47.110115,-1059.797729,3507.906005
-36.494281,14.274958,6.766359,-0.860504,-1.482451,-1.569381,-277.446228,-890.237304,2914.817871
-7.819861,10.060949,-23.382965,-3.780172,-4.371093,-1.76193,-277.446228,-890.237304,2914.817871
-1.422228,15.883944,-4.175701,-0.484327,-0.661919,-0.404496,-277.446228,-890.237304,2914.817871
-14.677205,4.659354,-6.40721,-2.493446,-1.78073,1.297822,-277.446228,-890.237304,2914.817871
-10.290803,9.007446,-15.242265,-1.763996,-3.097283,1.240563,-277.446228,-890.237304,2914.817871
1.862784,3.246703,-32.543647,-1.644418,-1.407615,0.184071,-370.947204,-994.167297,3169.320312
-0.052675,-1.403074,-18.287843,-1.71952,-0.290003,-0.206887,-370.947204,-994.167297,3169.320312
1.752645,-2.633756,-18.900791,-1.802079,-0.766583,0.086332,-370.947204,-994.167297,3169.320312
7.522965,-14.02116,-20.667802,-2.338981,-1.20681,1.966019,724.8125,-892.0354,4119.024414
4.386401,-16.592662,-21.323846,-3.277227,-1.396563,1.43005,724.8125,-892.0354,4119.024414
3.103044,-4.88442,-17.607856,-4.083777,-2.285406,-1.939699,724.8125,-892.0354,4119.024414
6.076794,0.517174,-16.257457,-3.380426,-2.844546,-2.488185,724.8125,-892.0354,4119.024414
-4.491751,8.581256,-24.082107,-0.74359,-2.466238,0.166228,602.182373,-1196.273315,3970.622314
-7.250012,2.490097,-21.879329,1.532782,0.456493,2.492667,602.182373,-1196.273315,3970.622314
-11.847114,2.968961,-15.309307,2.204974,2.236843,1.61421,602.182373,-1196.273315,3970.622314
-15.376347,6.148623,-6.421576,4.348052,4.254751,-1.570446,602.182373,-1196.273315,3970.622314
-12.938926,11.464022,-4.079927,4.348052,4.309613,-2.36115,602.182373,-1196.273315,3970.622314
-6.876498,19.140224,-8.839843,4.348052,4.355553,-1.850748,82.712417,-1030.668579,3465.604492
-9.213358,21.879329,-8.116758,4.348052,4.355553,-0.262281,82.712417,-1030.668579,3465.604492
-9.56293,7.230857,-6.143835,3.997708,3.615449,1.481317,82.712417,-1030.668579,3465.604492
-8.806324,8.629143,-6.19651,2.579686,2.138704,0.616309,82.712417,-1030.668579,3465.604492
-1.776588,14.485659,-43.275005,-4.378594,-4.371093,-0.176526,-229.077423,-824.606811,3219.07666
-9.529409,8.787168,-20.864137,-3.554466,-4.371093,-0.133116,-229.077423,-824.606811,3219.07666
-15.304517,13.719475,-3.174873,-1.649345,-0.08174,0.74068,552.734741,-499.511077,4072.388671
-10.23334,0.090984,-10.851076,-2.255756,-1.904702,0.740414,552.734741,-499.511077,4072.388671
-6.335381,5.420749,-18.675724,-1.371839,-2.084867,-0.052155,552.734741,-499.511077,4072.388671
-2.303339,2.250664,-22.923255,-1.528435,-0.743945,1.021515,552.734741,-499.511077,4072.388671
-2.274607,-1.340821,-20.193725,-1.60154,-0.563647,1.014724,832.878051,-840.789672,4129.599609
4.127814,-2.964173,-20.346961,-1.601274,-0.96073,0.269959,832.878051,-840.789672,4129.599609
9.62997,-8.246051,-20.950332,-1.707536,-1.094689,1.153876,832.878051,-840.789672,4129.599609
4.022464,-14.571854,-20.011756,-3.4261,-1.620272,2.102775,832.878051,-840.789672,4129.599609
0.81407,-3.285012,-18.886425,-3.835567,-2.211236,-1.15512,113.459854,-695.32373,3735.8833
-1.278569,3.016848,-18.929523,-3.107847,-2.40818,-1.889365,113.459854,-695.32373,3735.8833
-0.996039,5.516522,-30.029607,-0.922424,-1.324923,0.231876,113.459854,-695.32373,3735.8833
-5.827784,6.368901,-21.869752,0.533415,0.443443,1.294626,113.459854,-695.32373,3735.8833
-9.77363,5.899613,-11.104874,2.820972,2.827541,1.130573,820.471191,-919.366455,4082.617187
-11.856692,6.110314,-7.829439,3.633116,3.560854,0.295393,820.471191,-919.366455,4082.617187
-10.946848,10.223763,-4.893998,4.348052,4.235709,-1.308786,820.471191,-919.366455,4082.617187
-6.914807,15.912675,-9.175049,4.348052,4.355553,-1.399069,820.471191,-919.366455,4082.617187
-10.013062,18.335731,-9.069699,4.348052,4.355553,-0.48852,347.032531,-1111.583007,3744.725097
-9.754475,11.444868,-4.98977,4.282537,3.331019,1.109001,347.032531,-1111.583007,3744.725097
-9.62997,10.511081,-3.634583,2.537075,1.77025,1.055737,347.032531,-1111.583007,3744.725097
-11.100085,11.32994,2.782204,-0.662762,-0.481087,-0.097163,347.032531,-1111.583007,3744.725097
-12.009928,10.199819,1.245048,-1.621647,-1.652896,-0.92422,-242.203536,-910.735595,3131.179687
1.905882,14.696359,-59.661758,-4.378594,-4.371093,-1.595347,-242.203536,-910.735595,3131.179687
-8.538159,8.614777,1.0966,-1.474639,0.35103,-0.372272,-242.203536,-910.735595,3131.179687
-20.88808,12.953291,1.125332,-1.503135,0.103086,-0.003418,-242.203536,-910.735595,3131.179687
-4.333726,8.835055,-16.889558,-1.918994,-3.010863,0.063295,-429.025695,-780.733276,2645.232177
-3.988943,3.126987,-20.212881,-1.575308,-2.312571,0.449992,-429.025695,-780.733276,2645.232177
3.318533,-2.135737,-18.383617,-1.6837,-0.982036,-0.007413,717.440307,-952.271667,4059.212646
7.465501,-4.994559,-19.652608,-1.700878,-1.248622,0.543204,717.440307,-952.271667,4059.212646
3.457403,-12.211051,-22.425235,-3.017298,-2.013494,2.440735,717.440307,-952.271667,4059.212646
1.474903,-13.178359,-23.01424,-3.589753,-2.279015,1.57333,717.440307,-952.271667,4059.212646
1.192373,0.301685,-19.130645,-3.112774,-2.483682,-1.096796,605.958374,-832.158813,4072.388671
-0.756606,3.878804,-24.450834,-2.220335,-2.418433,-0.495445,605.958374,-832.158813,4072.388671
-4.281051,2.154891,-25.638418,-0.28472,0.129318,0.735221,605.958374,-832.158813,4072.388671
-9.017024,1.06308,-17.215187,0.612113,1.857337,0.205909,605.958374,-832.158813,4072.388671
-13.901444,4.472597,-8.820689,2.543866,3.50972,-2.52001,605.958374,-832.158813,4072.388671
-10.846287,15.587048,-5.87567,4.348052,4.355553,-3.288477,15.283817,-994.886535,3397.124511
-5.846939,17.210399,-6.718472,4.348052,4.355553,-2.600972,15.283817,-994.886535,3397.124511
-13.465677,17.109836,-4.113448,4.348052,4.355553,0.807393,15.283817,-994.886535,3397.124511
-16.755477,17.574335,0.469287,4.348052,4.355553,1.188098,15.283817,-994.886535,3397.124511
-9.17026,10.309958,-7.50381,2.848936,2.013267,-0.259618,-99.075088,-989.851867,3175.214843
-11.832748,11.727398,1.182796,0.572698,-0.0615,0.756659,-99.075088,-989.851867,3175.214843
-10.851076,15.381136,1.230682,-0.386854,-1.297625,1.765214,-99.075088,-989.851867,3175.214843
-4.635411,-1.637717,-53.268913,-3.339013,-4.371093,3.990585,-99.075088,-989.851867,3175.214843
-20.586395,3.476558,-11.703454,-3.567383,-4.067222,1.467335,-645.696289,-1075.081542,3234.506347
-13.815248,6.957905,1.383919,-1.946558,0.468211,-2.267539,-645.696289,-1075.081542,3234.506347
-12.718648,9.62997,-4.127814,-1.43296,-1.052211,-2.076587,-645.696289,-1075.081542,3234.506347
-0.718297,8.911673,-18.704456,-1.560261,-2.400324,-0.667887,-645.696289,-1075.081542,3234.506347
-2.906709,3.89317,-20.859348,-1.361053,-1.30415,2.181472,921.70404,-1195.014648,3752.006591
-5.612295,-1.848418,-19.623876,-1.49155,-0.839554,2.349254,921.70404,-1195.014648,3752.006591
3.960211,-2.466153,-19.039661,-1.596081,-1.232776,0.324555,921.70404,-1195.014648,3752.006591
7.125507,-3.423883,-19.006141,-1.626042,-1.451958,0.726033,921.70404,-1195.014648,3752.006591
4.525272,-10.927694,-22.683822,-2.614089,-2.386209,3.55422,955.508239,-765.629272,4170.16748
3.500501,-13.604548,-23.799577,-3.260715,-2.489674,3.658883,955.508239,-765.629272,4170.16748
-7.211703,-1.235471,-16.731534,-3.051121,-1.886059,0.173418,955.508239,-765.629272,4170.16748
-6.292283,4.463019,-16.894348,0.124081,1.189006,-0.686929,1258.487426,-760.414794,4038.92871
-10.616432,6.589179,-6.914807,2.899537,3.267236,-0.907841,1258.487426,-760.414794,4038.92871
-10.429675,8.609989,-4.702452,3.864015,3.755134,-1.182151,1258.487426,-760.414794,4038.92871
-8.509427,11.320363,-5.301033,4.348052,4.355553,-1.389881,179.449981,-1120.933105,3534.257812
-8.921251,12.876673,-7.791129,4.348052,4.355553,-1.037007,179.449981,-1120.933105,3534.257812
-13.183147,15.941408,-8.322669,4.348052,4.355553,-0.787997,179.449981,-1120.933105,3534.257812
-9.246878,8.830266,-9.246878,3.365064,3.315306,-1.521443,179.449981,-1120.933105,3534.257812
-12.014717,12.340345,-4.161334,1.80536,2.158278,-2.376863,145.465972,-993.807678,3558.355712
-6.795091,18.809806,4.343303,-0.071797,-0.650467,-1.651008,145.465972,-993.807678,3558.355712
-2.092639,23.722959,2.600235,-0.200696,-1.952107,0.687416,145.465972,-993.807678,3558.355712
0.181969,-4.755127,-56.295337,-4.378594,-4.371093,3.665675,145.465972,-993.807678,3558.355712
-8.279572,-2.059118,0.325628,-1.905411,0.360218,0.146121,1885.30371,-106.62709,3862.441162
-19.848943,7.494233,-0.818859,-2.038838,0.289643,-1.301862,1885.30371,-106.62709,3862.441162
-5.262723,8.629143,-16.731534,-1.954814,-3.140427,-1.673911,1885.30371,-106.62709,3862.441162
-3.050368,6.206087,-19.231208,-1.891563,-2.330281,-1.177757,1885.30371,-106.62709,3862.441162
-4.870054,8.035351,-17.138568,-1.452401,-0.982435,0.495533,1484.328247,-305.49652,4249.049316
-5.822995,5.147796,-16.2814,-1.36052,-0.693478,1.042954,1484.328247,-305.49652,4249.049316
1.714336,0.914632,-24.168302,-1.704207,-1.378853,-0.143103,1484.328247,-305.49652,4249.049316
6.718472,0.205912,-24.474777,-1.503401,-1.562081,0.031736,1484.328247,-305.49652,4249.049316
7.149451,-12.67555,-21.769191,-2.274531,-1.661152,3.022778,1320.341918,-385.33197,4281.642578
1.230682,-9.486311,-21.252017,-3.715723,-2.131207,1.973743,1320.341918,-385.33197,4281.642578
-5.071177,-3.280223,-17.401945,-3.521442,-2.061165,-0.051755,1320.341918,-385.33197,4281.642578
-4.223587,0.943364,-28.406255,-2.100091,-2.367699,-1.060177,1320.341918,-385.33197,4281.642578
-2.083062,5.559619,-26.677555,-0.994863,-1.053942,-0.873619,1320.341918,-385.33197,4281.642578
-7.264378,9.505466,-10.745725,1.777929,2.563884,0.234006,1627.276855,-359.97882,4111.222656
-10.257284,10.448829,-7.206914,2.90726,3.669779,0.322957,1627.276855,-359.97882,4111.222656
-6.991425,14.720303,-5.286667,4.348052,4.355553,-0.330859,25.532962,-1087.848022,3372.679687
-12.699493,15.395502,-11.818383,4.348052,4.355553,0.639479,25.532962,-1087.848022,3372.679687
-6.670586,4.03683,-15.247054,4.042982,2.741387,0.791015,25.532962,-1087.848022,3372.679687
-7.489445,9.821516,2.135737,1.062593,1.002848,-0.281856,25.532962,-1087.848022,3372.679687
-7.953943,10.851076,1.297723,-1.234418,-1.313471,-0.672814,41.356208,-698.020874,3414.634521
-1.565888,3.735145,0.483653,-1.75321,-2.110567,-0.40463,41.356208,-698.020874,3414.634521
-4.008098,10.453618,-30.561147,-4.040101,-4.371093,-0.754841,41.356208,-698.020874,3414.634521
-0.268164,13.733841,-16.468158,-1.980913,-2.586348,0.239199,41.356208,-698.020874,3414.634521
-21.295114,6.076794,-0.517174,-1.794223,-0.214368,0.570369,1655.327148,-408.887023,4084.17749
-3.232337,4.271473,-22.851425,-1.839231,-3.18943,0.234006,1655.327148,-408.887023,4084.17749
-5.822995,1.173219,-18.259113,-1.380894,-1.75716,-0.226062,1655.327148,-408.887023,4084.17749
-2.403901,4.874843,-16.985332,-0.999923,-0.426492,0.168225,1477.675292,-282.660705,4255.463867
-3.845284,3.055157,-13.446522,-0.977019,-0.394933,1.162931,1477.675292,-282.660705,4255.463867
1.393496,-3.921902,-17.880809,-1.669052,-1.099882,0.896344,1477.675292,-282.660705,4255.463867
6.948328,-9.380961,-20.868925,-2.17799,-1.855965,1.512742,1477.675292,-282.660705,4255.463867
5.128642,-11.909366,-22.23369,-2.793456,-1.991123,1.969881,1477.675292,-282.660705,4255.463867
1.34561,-6.72805,-17.416311,-3.734099,-2.29819,0.78955,1221.626464,-281.941467,4331.052246
-1.781377,-0.660833,-14.840019,-3.382822,-2.374224,-0.313149,1221.626464,-281.941467,4331.052246
-7.68099,8.279572,-26.940929,-1.92179,-3.135767,-0.539654,1221.626464,-281.941467,4331.052246
-2.571504,11.277265,-17.512083,0.967251,-0.387076,1.29689,1857.972656,-342.537292,3888.792968
-4.28584,9.060121,-11.377827,2.397523,1.004846,1.669072,1857.972656,-342.537292,3888.792968
-10.827133,4.994559,-3.083889,4.348052,2.520341,0.271957,1857.972656,-342.537292,3888.792968
-9.251667,7.226069,-2.035175,4.348052,2.2957,-0.901317,1857.972656,-342.537292,3888.792968
-1.752645,11.195858,-7.508599,4.348052,2.40276,-1.797617,25.353153,-1108.166625,3428.677246
-3.447826,21.520181,-8.260417,4.348052,3.888028,0.564376,25.353153,-1108.166625,3428.677246
-8.131124,21.30948,-8.930828,4.348052,4.181912,3.094684,25.353153,-1108.166625,3428.677246
-7.417615,-4.980193,-13.681166,3.033096,2.872816,-4.389844,25.353153,-1108.166625,3428.677246
-6.148623,-2.729529,-5.114275,1.314666,1.850412,1.028839,25.353153,-1108.166625,3428.677246
-4.506117,27.697536,6.306649,-0.37447,-0.704663,-0.236448,-35.422492,-254.430587,3277.154541
-9.510254,8.576468,-5.794263,-2.400767,-1.725601,2.742476,-35.422492,-254.430587,3277.154541
-7.001002,-2.356014,-19.54247,-2.040169,-1.601496,2.150047,-487.463836,-847.802246,2842.697021
-4.127814,3.055157,-11.195858,-1.348536,-1.076313,-0.568816,-487.463836,-847.802246,2842.697021
-1.359976,3.471769,-15.04593,-1.254791,-0.935829,-0.980946,-487.463836,-847.802246,2842.697021
-2.332071,7.671413,-12.574989,-0.596182,-0.778301,0.598865,-487.463836,-847.802246,2842.697021
0.727874,6.541292,-16.970966,-0.955714,-1.207476,1.822206,456.896179,-1538.630737,3821.526611
0.019155,0.823647,-15.01241,-1.056117,-1.921879,3.735983,456.896179,-1538.630737,3821.526611
-1.087023,1.110966,-12.426541,-1.059845,-2.145189,3.872605,456.896179,-1538.630737,3821.526611
-8.57168,1.115755,-3.385574,-0.456896,-1.673136,4.156503,456.896179,-1538.630737,3821.526611
-9.625182,3.921902,-3.170084,-0.327198,-2.080873,3.498958,115.977195,-877.650634,3287.55664
-7.944366,5.866093,-6.943539,-0.502037,-2.429885,2.784687,115.977195,-877.650634,3287.55664
-7.01058,7.633104,-11.215013,0.215429,-2.204179,2.005301,115.977195,-877.650634,3287.55664
1.254626,7.704934,-13.283708,1.101077,-2.063162,1.287569,115.977195,-877.650634,3287.55664
0.521963,11.176704,-11.440079,2.624295,-1.031971,1.338968,1355.944213,-716.541259,4089.205078
0.612947,12.656395,-10.573334,3.36613,-1.944517,2.215961,1355.944213,-716.541259,4089.205078
-1.541944,9.021812,-11.052199,3.283704,-1.923611,2.697068,1355.944213,-716.541259,4089.205078
-5.636238,0.464499,-7.427192,4.235798,-2.003107,2.131005,1355.944213,-716.541259,4089.205078
-7.479867,2.188412,-7.862959,4.348052,-2.177946,1.249618,625.377807,-954.789001,3779.051757
0.464499,12.728225,-11.15276,4.348052,-2.105374,2.258039,625.377807,-954.789001,3779.051757
-1.561099,12.814421,-4.798225,4.25231,-0.740883,-4.389844,625.377807,-954.789001,3779.051757
-4.463019,3.61064,-3.749511,3.026971,-0.627164,-4.389844,625.377807,-954.789001,3779.051757
-15.280574,0.670411,0.905054,1.461807,-0.688684,-4.389844,-379.937683,-909.297119,2817.732177
-7.513388,-5.91398,-8.049716,-0.014405,-1.727066,2.21676,-379.937683,-909.297119,2817.732177
-11.650779,-6.804668,-15.706764,-0.23119,-0.470834,-2.419475,-379.937683,-909.297119,2817.732177
-4.568369,3.869227,-16.223937,0.006501,-0.449129,-2.985272,-379.937683,-909.297119,2817.732177
-1.786165,12.800055,-9.955598,-0.236916,0.23345,-1.572044,1359.360595,-1034.624389,3803.669921
-13.226244,0.272953,-12.847942,0.024344,-0.444468,2.875236,1359.360595,-1034.624389,3803.669921
-6.024118,-2.533195,-17.861654,-0.034246,0.283118,0.60499,1209.399414,-178.730743,4197.90625
1.048714,-0.368726,-15.122549,-0.499641,0.128519,-0.719553,1209.399414,-178.730743,4197.90625
4.261896,-0.713508,-13.729053,-0.753577,-0.287606,-0.41941,1209.399414,-178.730743,4197.90625
4.764704,-7.307476,-17.291805,-1.805541,-1.309343,1.528589,1209.399414,-178.730743,4197.90625
1.130121,-6.766359,-17.660531,-2.317941,-1.784591,2.151245,1155.276733,-386.410827,4267.426269
-2.954596,-2.696008,-14.792132,-3.042998,-2.137199,0.710453,1155.276733,-386.410827,4267.426269
-3.883593,8.471117,-17.430677,-2.151891,-2.697803,-1.00092,1155.276733,-386.410827,4267.426269
-0.555483,9.222935,-22.540163,-1.050524,-2.434945,-0.685597,1155.276733,-386.410827,4267.426269
-3.591485,12.919771,-11.15276,1.155007,0.280588,2.395727,1760.875366,-676.263916,3925.200195
-7.944366,8.399288,-8.973926,1.729326,0.893524,2.815314,1760.875366,-676.263916,3925.200195
-8.71055,6.364112,-5.162162,3.443895,1.802075,1.085432,1760.875366,-676.263916,3925.200195
-6.067216,7.886902,-3.50529,4.348052,2.063868,0.545867,1760.875366,-676.263916,3925.200195
-3.380785,10.807977,-5.885248,4.348052,2.599038,0.774237,602.182373,-1268.556762,3686.993896
-6.967482,11.258111,-5.372862,4.348052,3.503728,2.060696,602.182373,-1268.556762,3686.993896
-8.993081,3.481347,-4.980193,3.96788,3.172958,2.064957,602.182373,-1268.556762,3686.993896
-8.116758,3.792609,-6.139046,1.893512,1.671845,-1.159647,602.182373,-1268.556762,3686.993896
-4.597102,9.95081,-3.280223,0.733155,0.72481,-2.23092,-0.719238,-495.555267,3337.312988
-8.226897,8.049716,4.328937,-0.272736,-0.972848,-0.661495,-0.719238,-495.555267,3337.312988
-0.023943,-0.17718,-28.075839,-4.378594,-4.371093,0.242528,-0.719238,-495.555267,3337.312988
-5.224414,2.33686,-22.319885,-1.889299,-2.982233,1.245623,-0.719238,-495.555267,3337.312988
-8.164645,6.493406,-13.355538,-1.428965,-1.467804,0.842947,1850.960083,-91.343276,3895.554443
-9.017024,2.566715,-12.613298,-1.339881,-1.141295,0.81019,1850.960083,-91.343276,3895.554443
-9.787996,7.872536,-14.902271,-0.673947,-0.984166,-0.214743,1850.960083,-91.343276,3895.554443
-8.811112,8.949982,-15.54395,-0.604438,-0.740883,-0.260684,1850.960083,-91.343276,3895.554443
0.967307,4.750338,-25.346311,-0.790728,-0.433816,0.120154,1752.783935,-464.628021,3990.212646
1.532367,-1.762222,-15.79296,-0.650245,0.048224,0.291265,1752.783935,-464.628021,3990.212646
0.373515,-1.149275,-13.015544,-0.68167,-0.107174,0.47729,1752.783935,-464.628021,3990.212646
1.288146,-6.924384,-15.520007,-3.141403,-2.24386,-0.012207,1168.94226,-373.464538,4263.265625
-1.503635,-0.052675,-17.210399,-3.101988,-2.677962,-0.98574,1168.94226,-373.464538,4263.265625
-7.312264,4.793436,-24.134782,-2.145899,-3.2636,-0.692522,1168.94226,-373.464538,4263.265625
-1.565888,5.41596,-27.036703,-1.265178,-2.396862,-0.298235,1168.94226,-373.464538,4263.265625
-8.365768,5.02808,-14.30369,1.270456,0.354625,1.538709,1746.4906,-534.933532,3996.280517
-9.155895,8.614777,-9.538986,3.31726,2.132579,0.679693,1746.4906,-534.933532,3996.280517
-9.040966,9.069699,-5.631449,4.255239,3.103848,0.225218,1746.4906,-534.933532,3996.280517
-8.940405,5.918768,-3.371208,4.348052,3.846748,-0.756971,366.631774,-1116.797485,3621.461181
-7.082409,9.045756,-6.306649,4.348052,3.920652,-1.09107,366.631774,-1116.797485,3621.461181
-6.751993,16.334075,-8.753648,4.348052,4.355553,-0.723415,366.631774,-1116.797485,3621.461181
-11.138394,7.369729,-4.486963,2.342661,2.394904,0.783425,366.631774,-1116.797485,3621.461181
-11.286843,9.835883,-1.230682,0.924107,1.449734,-0.226328,366.631774,-1116.797485,3621.461181
-9.486311,12.091335,7.111141,-0.102824,0.206818,-1.355792,-153.377593,-815.076904,3193.591796
-34.353755,27.702325,7.020157,-0.987273,-1.728132,-0.701843,-153.377593,-815.076904,3193.591796
-10.649952,6.522138,-12.110489,-1.820722,-2.824439,-0.705838,-153.377593,-815.076904,3193.591796
-11.114451,9.840671,-9.09843,-1.636295,-1.297625,0.803931,1622.601806,-238.787155,3183.709716
-9.936444,4.941884,-17.047584,-1.610329,-1.663016,1.923408,1622.601806,-238.787155,4115.730468
-7.197337,0.847591,-20.993431,-1.207919,-1.251285,0.984097,1622.601806,-238.787155,4115.730468
-6.627488,4.678508,-17.856866,-1.221368,-0.935163,0.26956,1622.601806,-238.787155,4115.730468
3.179662,-0.349571,-22.669456,-1.259585,-0.498398,0.430817,2188.282714,-253.17192,3570.318115
1.388708,-5.439903,-14.648473,-1.36891,-0.428489,1.306477,2188.282714,-253.17192,3570.318115
5.732011,-11.272477,-19.887252,-1.889699,-0.980171,1.517669,2188.282714,-253.17192,3570.318115
6.134257,-11.732187,-18.40756,-3.1695,-1.531987,0.192327,2188.282714,-253.17192,3570.318115
5.123853,-7.139873,-16.717168,-3.665521,-1.663815,-1.199063,2188.282714,-253.17192,3570.318115
3.313744,5.679336,-14.983678,-2.911036,-2.737884,-1.537689,1299.663818,-235.550582,4187.504394
-4.712029,5.483001,-28.047107,-1.506331,-2.518969,1.571333,1299.663818,-235.550582,4187.504394
-5.229203,0.790127,-29.598628,-0.777146,-0.893884,2.58002,1299.663818,-235.550582,4187.504394
-13.025121,8.226897,-5.755954,3.794639,4.355553,0.134536,1622.062377,-110.223281,4116.250488
-10.817555,10.62122,0.483653,4.348052,4.355553,-1.298533,1622.062377,-110.223281,4116.250488
-9.55814,14.696359,-2.049541,4.348052,4.355553,-1.089738,1622.062377,-110.223281,4116.250488
-7.508599,15.845635,-11.286843,4.348052,4.355553,0.047316,-482.429168,-1293.730102,2963.360595
-7.958732,2.643333,-7.508599,3.488238,2.52367,0.50765,-482.429168,-1293.730102,2963.360595
-12.033871,8.169433,-2.638545,1.790047,1.579298,-0.564422,-482.429168,-1293.730102,2963.360595
-6.651431,10.645164,0.033521,-1.327097,-0.802802,-1.067367,-482.429168,-1293.730102,2963.360595
-6.603545,10.02264,0.392669,-1.62218,-1.40109,-1.076555,-501.488983,-691.727539,2575.018554
-1.091812,23.737325,-41.819259,-2.672547,-4.371093,-0.108082,-501.488983,-691.727539,2575.018554
-0.699142,7.135085,-11.732187,-1.25852,-2.208173,-1.981112,-501.488983,-691.727539,2575.018554
-12.704282,15.036354,2.130948,-0.493116,-0.362309,-0.403431,-501.488983,-691.727539,2575.018554
-8.940405,7.111141,-18.273477,-1.642154,-2.093256,1.305678,235.190963,-743.332885,3136.207275
-8.217319,1.747856,-18.613471,-1.242807,-1.845446,1.139761,235.190963,-743.332885,3136.207275
-7.139873,6.081582,-15.567893,-1.15066,-0.936761,0.124149,235.190963,-743.332885,3136.207275
1.62814,-0.823647,-24.393369,-1.732836,-0.344865,-0.254558,235.190963,-743.332885,3136.207275
2.317705,-2.226721,-18.560796,-1.39381,-0.07455,-0.423671,2062.416015,-142.768829,3691.674804
12.46485,-8.236474,-16.089855,-1.62764,-0.919184,0.613779,2062.416015,-142.768829,3691.674804
8.715339,-10.956426,-16.080278,-2.571745,-1.552094,1.695837,2062.416015,-142.768829,3691.674804
3.481347,-7.920423,-20.988641,-3.767921,-2.54387,0.436543,2062.416015,-142.768829,3691.674804
-1.479692,2.121371,-17.785036,-2.405028,-2.170356,-0.852713,1313.149536,-22.4762,4414.094726
-4.611467,2.715163,-22.319885,-1.499007,-1.979271,0.098982,1313.149536,-22.4762,4414.094726
-6.148623,5.27709,-19.791479,0.620902,0.546642,0.137598,1313.149536,-22.4762,4414.094726
-8.413654,8.360979,-13.705109,1.633451,2.054946,0.390602,1313.149536,-22.4762,4414.094726
-12.728225,5.928346,-7.250012,3.339365,3.899746,0.05171,1293.909912,-809.862426,4426.057128
-11.693878,8.466329,-5.013714,4.348052,4.355553,-1.545945,1293.909912,-809.862426,4426.057128
-10.09447,13.532718,-5.052023,4.348052,4.355553,-1.682301,1293.909912,-809.862426,4426.057128
-11.420925,17.98137,-4.027253,4.348052,4.355553,-0.322603,1293.909912,-809.862426,4426.057128
-8.629143,10.448829,2.08785,0.11982,0.095229,-0.085578,-35.422492,-2070.147949,3673.471435
-7.82465,10.5877,-0.220278,-1.288614,-1.216131,-0.81383,-35.422492,-2070.147949,3673.471435
-29.80454,9.893346,-5.813418,-1.640157,-2.796608,-0.351366,-631.850952,-949.394714,2513.126708
-8.097603,1.019982,8.25084,-3.81799,-3.170255,-1.545678,-631.850952,-949.394714,2513.126708
-2.949807,12.756958,-3.586697,-0.602307,-1.647969,-1.779241,-631.850952,-949.394714,2513.126708
-8.418442,6.895652,-12.646819,-2.072394,-1.992188,1.137897,-631.850952,-949.394714,2513.126708
-10.376999,3.730356,-21.06047,-1.531498,-2.017222,1.998644,-739.377075,-1077.419067,2234.352783
-10.09447,2.494885,-14.423406,-1.257188,-0.962328,0.130807,-739.377075,-1077.419067,2234.352783
5.650604,6.143835,-30.80058,-1.680105,-1.14529,-1.179621,-739.377075,-1077.419067,2234.352783
2.657699,2.006443,-19.235996,-1.365447,-0.142195,-0.387052,-739.377075,-1077.419067,2234.352783
5.885248,-3.644161,-16.769844,-1.169569,-0.834761,1.047215,1754.042602,-840.609863,3988.999023
8.935617,-9.529409,-15.553527,-1.636162,-1.164864,2.197185,1754.042602,-840.609863,3988.999023
2.844457,-11.052199,-17.253496,-3.429429,-2.240931,1.154675,1754.042602,-840.609863,3988.999023
1.278569,-0.292108,-16.10901,-3.124226,-2.468901,-1.041135,1754.042602,-840.609863,3988.999023
-2.638545,3.217971,-18.350097,-2.315811,-2.384877,-1.043132,1113.560913,-115.257957,4606.532226
-3.78782,-0.976884,-28.516395,-0.098962,-1.444767,0.801002,1113.560913,-115.257957,4606.532226
-6.110314,4.759915,-20.198514,0.868979,0.410286,0.452921,1113.560913,-115.257957,4606.532226
-9.902923,8.715339,-11.167126,2.42815,2.822747,0.514574,1113.560913,-115.257957,4606.532226
-11.291631,6.311437,-7.355362,3.289163,3.602666,0.261171,1113.560913,-115.257957,4606.532226
-11.962041,6.522138,-7.350574,4.348052,4.355553,-1.097461,118.854148,-1367.092407,4008.762939
-7.317053,18.244747,-9.304343,4.348052,4.355553,-1.375233,118.854148,-1367.092407,4008.762939
-8.964348,16.539987,-9.41927,4.348052,4.355553,0.026276,118.854148,-1367.092407,4008.762939
-7.939578,5.459058,-8.490272,4.188792,3.252055,1.792645,11.507815,-1961.00354,3789.453857
-8.586046,5.511733,-4.520483,2.677958,1.935901,0.886624,11.507815,-1961.00354,3789.453857
-10.788823,12.014717,2.236298,-0.314149,-0.234475,-0.805841,11.507815,-1961.00354,3789.453857
-9.907711,13.930175,0.296896,-1.483827,-1.617076,-1.183749,11.507815,-1961.00354,3789.453857
2.528406,5.042446,-57.904323,-4.378594,-4.371093,-1.232486,-970.971862,-1123.09082,2542.9458
-2.427844,12.522314,-6.19651,-1.371573,-2.085,-4.117399,-970.971862,-1123.09082,2542.9458
-8.619565,-0.191546,-19.456274,-1.333489,-1.421064,1.702762,-970.971862,-1123.09082,2542.9458
-9.040966,0.737452,-12.60372,-1.202193,-0.871246,1.097682,-840.789672,-1623.680664,3100.493652
3.945845,1.465326,-31.356063,-1.665457,-1.412143,-0.489586,-840.789672,-1623.680664,3100.493652
2.217144,0.8859,-16.401117,-1.307256,-0.618242,-0.226328,-840.789672,-1623.680664,3100.493652
4.726395,-3.050368,-16.329288,-1.354661,-0.879769,0.4179,-840.789672,-1623.680664,3100.493652
6.723261,-11.856692,-14.327633,-2.261615,-1.708823,1.800634,1587.898559,-817.594238,4149.189941
3.131775,-9.926867,-12.986812,-3.037272,-2.430418,0.886224,1587.898559,-817.594238,4149.189941
5.923557,0.8859,-19.748382,-2.57494,-3.369329,-0.323136,1587.898559,-817.594238,4149.189941
0.363937,3.294589,-23.119588,-1.270371,-2.711252,0.817913,1587.898559,-817.594238,4149.189941
-0.675199,-2.284185,-31.973798,0.556585,-0.47656,0.61511,603.800659,-603.800659,5098.027343
-11.104874,1.767011,-10.511081,1.758222,2.771347,-0.592518,603.800659,-603.800659,5098.027343
-12.048237,2.451787,-9.141529,2.757189,3.163637,-1.655003,603.800659,-603.800659,5098.027343
-10.348267,11.349095,-13.4561,4.12674,4.048885,-1.593083,603.800659,-603.800659,5098.027343
-10.247706,12.306824,-13.4561,4.348052,4.355553,-0.592918,-1631.052856,-1458.076049,2501.85791
-9.448001,9.610816,-6.368901,4.347386,4.355553,0.224951,-1631.052856,-1458.076049,2501.85791
-9.318708,7.676202,-7.829439,3.265061,3.476031,0.103642,-1631.052856,-1458.076049,2501.85791
-7.388883,6.852554,-7.278744,2.49007,2.556827,0.214964,-1631.052856,-1458.076049,2501.85791
-8.633932,7.89648,-0.756606,1.0064,0.653037,0.30538,-977.445007,-1162.648925,2325.197021
-8.720128,8.399288,-1.283357,0.17375,-0.48708,0.101911,-977.445007,-1162.648925,2325.197021
-8.174221,4.458231,-2.600235,-1.198465,-1.696439,-1.162843,-977.445007,-1162.648925,2325.197021
-6.344958,8.954771,-36.81512,-3.42863,-4.228345,-2.683265,-977.445007,-1162.648925,2325.197021
3.826129,18.192071,-13.226244,-0.767825,-3.069054,-1.630235,-2091.185546,-1547.441406,3275.940917
-12.551045,7.326631,-7.724088,-1.771719,-1.732526,1.978536,-2091.185546,-1547.441406,3275.940917
-10.367423,2.197989,-18.551219,-1.478633,-2.310973,2.247919,-2091.185546,-1547.441406,3275.940917
-5.396806,1.058291,-17.033218,-1.158916,-1.261672,0.407514,-2091.185546,-1547.441406,3275.940917
-4.24753,4.190066,-11.353883,-1.013106,-1.188833,0.057702,-3544.406738,-783.610229,1643.171508
1.810109,-2.317705,-22.726921,-1.629104,-1.407881,-0.511957,-3544.406738,-783.610229,1643.171508
5.463847,-7.403249,-16.64055,-2.285184,-2.492204,1.413671,-3109.267578,-2782.01416,-1376.533203
-4.654565,0.081407,-16.214359,-1.9909,-2.702597,0.616309,-3109.267578,-2782.01416,-1376.533203
-2.988116,-1.498847,-21.06047,-1.431894,-2.54134,0.263701,-3109.267578,-2782.01416,-1376.533203
-0.871534,-3.945845,-22.573684,0.103974,-0.192796,0.105374,-3109.267578,-2782.01416,-1376.533203
-2.815725,2.729529,-13.714687,1.35488,1.100588,-1.251794,-3109.267578,-2782.01416,-1376.533203
-6.086371,7.934789,-13.393847,2.823902,2.589983,-0.564555,-4541.990722,-1349.291259,-1300.94519
-7.613949,7.57564,-7.7193,4.245119,4.067794,0.591275,-4541.990722,-1349.291259,-1300.94519
-9.127162,6.871709,-6.823822,4.348052,4.355553,0.59993,-4541.990722,-1349.291259,-1300.94519
-8.897307,9.783207,-9.644336,4.348052,4.355553,-0.015802,-97.276992,-37.939826,-323.676025
-9.074487,9.59645,-9.955598,4.348052,4.355553,-0.250297,-97.276992,-37.939826,-323.676025
-8.6052,6.383267,-9.969964,3.069183,3.456856,-0.843658,-97.276992,-37.939826,-323.676025
-9.31392,6.622699,-3.22276,1.488706,2.220997,-1.474571,-97.276992,-37.939826,-323.676025
-10.827133,13.556661,0.186757,-0.398039,-0.322227,-1.525971,-5.394288,30.567632,-79.748779
-11.090508,10.831921,-0.445344,-1.499406,-1.90883,-0.523541,-5.394288,30.567632,-79.748779
-1.905882,0.756606,-41.953338,-3.27949,-4.371093,-0.683733,-5.394288,30.567632,-79.748779
-12.833576,16.846462,9.486311,-1.472908,-1.56035,-0.534327,-5.394288,30.567632,-79.748779
-12.120067,3.634583,0.766184,-1.960273,-2.580755,-0.265078,-5.394288,30.567632,-79.748779
-5.032868,3.701624,-27.482048,-1.381027,-2.914588,0.890885,1.258667,33.624393,-67.78646
-5.885248,1.336033,-18.714033,-1.253593,-1.52666,0.588878,1.258667,33.624393,-67.78646
-6.65622,4.151757,-12.886251,-0.987539,-1.254215,-0.138709,1.258667,33.624393,-67.78646
-1.738279,4.324149,-22.497064,-1.153323,-1.730928,-0.023792,1.258667,33.624393,-67.78646
5.071177,0.268164,-17.406732,-1.449738,-1.189233,0.128943,11.148196,31.28687,-74.8945
5.0616,1.666449,-12.474427,-1.747484,-2.090593,1.06093,11.148196,31.28687,-74.8945
2.006443,0.952941,-12.230206,-1.917396,-2.25731,1.608085,11.148196,31.28687,-74.8945
-4.012887,0.986461,-4.759915,-1.978117,-1.579392,1.486776,11.148196,31.28687,-74.8945
-0.938575,-2.509251,-3.835706,-2.132849,-1.709755,1.204344,28.409915,14.744388,-85.989982
-2.734318,-5.693702,-43.988513,-1.113509,-2.610184,-0.273067,28.409915,14.744388,-85.989982
-6.177355,8.629143,-16.645338,1.727062,2.048155,1.714613,63.652599,19.419437,-54.437206
-9.380961,1.000827,-9.342652,2.808455,3.221695,1.091823,63.652599,19.419437,-54.437206
-8.365768,2.79657,-9.874192,3.384772,3.392007,-0.349235,63.652599,19.419437,-54.437206
-4.798225,9.280399,-12.009928,3.86002,3.704667,-1.321437,63.652599,19.419437,-54.437206
-4.209221,10.740937,-12.555834,3.734717,3.91213,-0.801713,92.601943,51.605354,-70.907066
-5.128642,8.279572,-12.297247,3.59663,4.10175,1.214597,92.601943,51.605354,-70.907066
-5.87567,6.201298,-9.711378,3.600492,4.08617,1.832327,92.601943,51.605354,-70.907066
-14.19834,0.641679,7.546908,2.936822,3.91213,-4.389844,92.601943,51.605354,-70.907066
-3.237126,0.004789,-3.299378,2.153441,0.284983,3.131703,92.601943,51.605354,-70.907066
-1.187584,3.160507,-7.173394,0.210635,-0.276953,-0.147231,11.687624,24.633914,-25.1382
-3.385574,4.376824,-3.304167,-0.447708,-0.539411,-0.133516,11.687624,24.633914,-25.1382
5.104698,-1.834052,-28.363159,-3.164973,-2.550129,-0.55257,11.687624,24.633914,-25.1382
-3.802186,4.07035,-40.387451,-4.378594,-2.885159,-2.490982,11.687624,24.633914,-25.1382
-2.379958,21.03174,3.141353,-1.222567,-1.238369,-2.418809,24.993534,18.520389,-63.972389
-8.049716,7.22128,-15.409868,-2.583596,-2.099648,1.631122,24.993534,18.520389,-63.972389
-5.013714,0.909843,-23.29677,-1.90368,-1.926673,1.098748,24.993534,18.520389,-63.972389
-3.103044,6.890863,-11.128817,-0.881011,-0.30505,-1.234749,11.148196,21.577152,-67.959823
-1.364764,8.413654,-8.289149,-0.748384,-0.375491,-0.96004,11.148196,21.577152,-67.959823
-2.633756,3.160507,-10.16151,-0.998458,-0.686287,0.489674,11.148196,21.577152,-67.959823
-2.059118,1.73349,-14.648473,-0.928949,-0.89668,0.782493,11.148196,21.577152,-67.959823
-2.312917,3.002482,-10.865442,-0.880611,-0.323958,0.498862,11.148196,21.577152,-67.959823
-2.221932,3.356842,-5.190894,-0.910439,-0.26923,0.417368,11.507815,16.902101,-69.693496
-1.043925,5.626661,-9.012235,-1.078487,-1.158073,1.449758,11.507815,16.902101,-69.693496
-0.502808,2.839668,-11.727398,-1.346539,-1.373793,1.988656,11.507815,16.902101,-69.693496
-0.809281,6.603545,-22.837059,-1.542417,-1.558219,2.099579,11.507815,16.902101,-69.693496
-6.895652,3.634583,-18.79544,-1.73723,-0.288272,1.60662,29.488775,-6.113526,-76.974906
-6.057639,3.816552,-10.33869,-1.54761,0.36408,0.616575,29.488775,-6.113526,-76.974906
-7.50381,8.873364,-2.504462,-0.318543,0.027984,-0.164142,29.488775,-6.113526,-76.974906
-2.202778,4.372035,-8.71055,2.91525,0.210679,2.669105,28.769535,-21.577152,-71.080429
-1.130121,4.419921,-8.222108,3.207536,0.227324,2.535412,28.769535,-21.577152,-71.080429
-0.828436,4.209221,-10.118412,3.422057,0.313212,2.083467,28.769535,-21.577152,-71.080429
0.201123,3.57712,-12.570199,2.821372,0.470341,1.599962,18.340579,-6.113526,-67.959823
-0.809281,3.438249,-10.309958,2.566504,0.623475,1.42459,18.340579,-6.113526,-67.959823
-1.52279,3.031214,-10.108835,1.802165,0.07166,1.11526,18.340579,-6.113526,-67.959823
3.404728,9.036178,-11.736975,0.958329,-0.41211,0.768777,18.340579,-6.113526,-67.959823
5.803841,-1.130121,-16.252668,-0.939735,0.369007,0.579823,21.756961,-1.977906,-71.253799
-2.260241,0.138871,-7.326631,-0.520014,0.744252,-1.280157,21.756961,-1.977906,-71.253799
1.62814,9.414482,-14.931003,0.141392,-0.194127,-1.472573,21.756961,-1.977906,-71.253799
0.612947,2.241087,-13.52314,0.56018,-0.044855,2.287734,21.756961,-1.977906,-71.253799
-2.590658,-2.705586,-12.043449,0.406913,0.162742,2.220755,21.756961,-1.977906,-71.253799
-1.288146,-0.301685,-11.32994,0.145121,0.036373,-0.878813,1.798096,-24.454105,-45.42213
1.786165,3.78782,-13.499197,0.096118,-0.014228,-1.283353,1.798096,-24.454105,-45.42213
1.307301,2.40869,-12.340345,0.14552,0.152488,0.24932,1.798096,-24.454105,-45.42213
0.56506,1.077446,-10.913328,0.042454,0.060475,0.471297,1.798096,-24.454105,-45.42213
0.909843,1.106178,-12.733014,-0.019199,-0.197856,0.071418,-17.441532,-60.955455,21.670862
0.660833,1.173219,-13.326807,0.033666,-0.184007,-0.054818,-17.441532,-60.955455,21.670862
0.201123,2.667277,-12.07218,0.068553,-0.13354,-0.028452,-17.441532,-60.955455,21.670862
0.335205,1.776588,-12.651607,0.062561,-0.164166,0.369829,5.753907,-18.700199,-30.165842
-0.119716,1.225894,-13.168781,0.075478,-0.124085,0.353584,5.753907,-18.700199,-30.165842
0.038309,1.848418,-12.249361,0.116225,-0.068158,0.112831,5.753907,-18.700199,-30.165842
0.292108,1.843629,-12.723437,0.139261,-0.07961,0.115094,5.753907,-18.700199,-30.165842
0.526751,1.810109,-12.450484,0.105039,-0.068691,0.105107,5.753907,-18.700199,-30.165842
0.430978,1.288146,-12.74738,0.130473,-0.113965,0.139329,14.924198,-5.574098,-66.39952
0.450133,1.197162,-12.694705,0.115958,-0.119957,0.099381,14.924198,-5.574098,-66.39952
0.067041,1.427017,-12.651607,0.096783,-0.13354,0.153711,14.924198,-5.574098,-66.39952
0.076618,1.340821,-12.579777,0.084133,-0.126882,0.173019,14.924198,-5.574098,-66.39952
-0.229855,0.900266,-12.541468,0.014091,-0.145125,-0.024324,19.599246,-8.451051,-61.198516
0.047886,1.412651,-12.9916,0.020882,-0.104111,-0.106484,19.599246,-8.451051,-61.198516
0.253798,1.59462,-12.182319,0.011295,-0.082672,-0.012207,19.599246,-8.451051,-61.198516
0.244221,1.527578,-12.680338,0.006767,-0.111169,0.021749,19.599246,-8.451051,-61.198516
-0.363937,1.55631,-12.220628,0.023279,-0.110503,0.015491,19.599246,-8.451051,-61.198516
-0.464499,1.647295,-11.574161,-0.00029,-0.24859,-0.00475,19.599246,-8.451051,-61.198516
-0.129293,0.761395,-13.997217,0.031269,-0.078145,0.011363,58.97755,2.157715,-38.14072
-1.292935,1.455749,-11.631625,0.070285,0.034642,-0.052687,58.97755,2.157715,-38.14072
-0.727874,1.565888,-12.07218,0.109833,0.129585,-0.008478,58.97755,2.157715,-38.14072
-0.430978,1.886727,-11.732187,0.020749,-0.021951,-0.015003,58.97755,2.157715,-38.14072
-0.181969,1.173219,-13.005967,0.024344,-0.024748,0.187666,58.97755,3.596192,-31.206043
-0.555483,0.838013,-12.086546,0.018485,-0.075482,0.135468,58.97755,3.596192,-31.206043
-0.383092,0.617735,-12.948503,0.030603,-0.050581,-0.076257,58.97755,3.596192,-31.206043
-0.378303,1.374342,-12.129644,-0.006016,-0.092526,0.040658,58.97755,3.596192,-31.206043
-0.129293,1.130121,-13.211878,-0.022661,-0.076813,0.058235,58.97755,3.596192,-31.206043
-0.095773,1.288146,-12.823998,-0.018666,-0.076281,-0.054685,33.084964,-17.261722,-34.326648
-0.268164,1.407862,-12.570199,-0.009345,-0.055641,-0.044565,33.084964,-17.261722,-34.326648
-0.215489,1.484481,-12.594143,-0.014272,-0.095056,-0.009144,33.084964,-17.261722,-34.326648
-0.330417,1.508424,-12.311613,-0.002953,-0.03367,-0.005815,38.119636,-15.463626,-55.477409
-0.076618,1.62814,-12.723437,-0.011609,-0.071088,0.003107,38.119636,-15.463626,-55.477409
-0.229855,1.407862,-12.60372,0.03047,-0.032871,0.084467,38.119636,-15.463626,-55.477409
-0.339994,1.369553,-12.416963,0.038992,-0.036599,0.080206,38.119636,-15.463626,-55.477409
-0.272953,1.264203,-12.709071,0.01449,-0.070155,0.032934,16.542482,-12.586672,-58.944747
-0.138871,1.364764,-12.670762,0.019684,-0.064696,0.020151,16.542482,-12.586672,-58.944747
-0.60337,1.072657,-12.249361,-0.019865,-0.125417,0.000577,16.542482,-12.586672,-58.944747
-0.076618,1.225894,-13.685955,-0.028254,-0.116895,-0.046962,16.542482,-12.586672,-58.944747
-0.56506,1.393496,-11.895001,0.055637,0.027185,0.08247,16.542482,-12.586672,-58.944747
0.038309,1.637717,-13.221456,0.031934,-0.014628,-0.026854,22.4762,-5.574098,-72.293998
-0.74224,0.775761,-11.86148,-0.016536,-0.063897,0.109635,22.4762,-5.574098,-72.293998
-0.320839,0.81407,-13.231033,-0.023061,-0.104644,0.0079,23.734867,-8.630862,-67.266357
-0.42619,1.192373,-12.369076,-0.000157,-0.015693,-0.079053,23.734867,-8.630862,-67.266357
-0.349571,1.374342,-12.713859,-0.00282,-0.026612,-0.062275,23.734867,-8.630862,-67.266357
-0.60337,1.580254,-12.642029,0.008232,0.00002,0.015224,23.734867,-8.630862,-67.266357
-0.684777,1.498847,-12.416963,0.018752,0.003083,0.028274,29.488775,-7.552003,-72.120635
-0.536328,1.331244,-12.709071,0.021814,-0.016359,0.035065,29.488775,-7.552003,-72.120635
-0.42619,1.474903,-12.551045,0.032867,0.005613,0.073948,29.488775,-7.552003,-72.120635
-0.488442,1.225894,-12.546257,0.02541,0.004148,0.102577,29.488775,-7.552003,-72.120635
-0.306473,0.986461,-12.503159,0.011161,0.002151,0.10524,39.558113,-10.788577,-75.241233
-0.421401,1.0966,-12.450484,0.00224,-0.007703,0.092723,39.558113,-10.788577,-75.241233
-0.24901,1.101389,-12.282881,-0.031849,-0.025414,0.087663,39.558113,-10.788577,-75.241233
-0.397458,1.06308,-12.584566,-0.042103,-0.039928,0.090593,39.558113,-10.788577,-75.241233
-0.598581,1.264203,-12.574989,-0.033847,-0.024082,0.036263,44.053352,-16.362672,-87.550285
-0.383092,1.776588,-12.598932,-0.037176,-0.017823,0.019086,44.053352,-16.362672,-87.550285
-0.292108,1.537156,-12.891039,-0.03105,-0.010766,0.065426,44.053352,-16.362672,-87.550285
-0.493231,1.532367,-12.579777,0.022347,0.016798,0.095919,44.053352,-16.362672,-87.550285
-0.56506,1.436594,-12.28767,0.033266,0.028649,0.110567,44.053352,-16.362672,-87.550285
-0.349571,1.125332,-12.742591,0.013159,0.036639,0.082603,49.627449,-23.015628,-92.924659
-0.320839,1.02477,-12.646819,0.013159,0.049955,0.066358,49.627449,-23.015628,-92.924659
-0.24901,1.37913,-12.527102,0.012759,0.046227,0.015224,49.627449,-23.015628,-92.924659
-0.134082,1.532367,-12.436118,0.009297,0.0409,0.013893,49.627449,-23.015628,-92.924659
0,1.34561,-12.507947,0.000509,0.009874,0.071551,50.166877,-28.949346,-113.55532
-0.129293,1.355187,-12.766534,0.024344,-0.006904,0.087397,50.166877,-28.949346,-113.55532
-0.253798,1.743068,-12.211051,0.036196,0.005613,0.093789,50.166877,-28.949346,-113.55532
-0.430978,1.245048,-12.680338,0.030337,-0.019288,0.155575,16.182863,-8.990481,-155.683486
-0.474076,1.16843,-12.958081,0.04059,-0.008635,0.131207,16.182863,-8.990481,-155.683486
-0.07183,1.278569,-12.809632,0.045384,0.014401,0.093789,16.182863,-8.990481,-155.683486
-0.411824,1.010405,-12.656395,0.050577,0.025454,0.104175,-33.804203,-4.315431,-178.567916
-0.114928,1.541944,-12.364288,0.063493,0.02825,0.048647,-33.804203,-4.315431,-178.567916
-0.17718,1.225894,-12.527102,0.059232,0.026519,0.068222,-33.804203,-4.315431,-178.567916
-0.023943,1.201951,-12.689916,0.077875,0.022524,0.03107,-33.804203,-4.315431,-178.567916
-0.07183,1.436594,-12.512736,0.081736,0.028516,0.047449,-36.32154,-17.98096,-218.789031
-0.043098,0.976884,-12.517525,0.082136,0.022524,0.090593,-36.32154,-17.98096,-218.789031
-0.143659,1.302512,-12.694705,0.081869,-0.004374,0.038794,-36.32154,-17.98096,-218.789031
-0.129293,1.264203,-12.833576,0.081869,0.001618,0.061164,-36.32154,-17.98096,-218.789031
-0.330417,0.790127,-12.522314,0.089593,0.034908,0.076345,-46.390876,16.182863,-203.879486
-0.038309,0.900266,-12.785689,0.067621,0.026918,-0.002486,-46.390876,16.182863,-203.879486
0.172391,1.043925,-12.661184,0.066822,0.037172,-0.005948,-46.390876,16.182863,-203.879486
0,0.842802,-12.646819,0.05111,0.021858,0.068755,-46.390876,16.182863,-203.879486
-0.081407,0.876322,-12.560623,0.050044,0.019328,0.06476,-10.249148,16.722291,-146.1483
0.119716,1.005616,-12.785689,0.039525,0.018796,0.038261,-10.249148,16.722291,-146.1483
0.167603,0.8859,-12.723437,0.033532,0.027984,0.05717,-10.249148,16.722291,-146.1483
0.052675,0.756606,-12.665973,0.017819,0.02279,0.092191,-10.249148,16.722291,-146.1483
0.023943,0.972095,-12.646819,-0.001222,0.014268,0.10271,-11.687624,21.397342,-114.94226
0.043098,1.048714,-12.651607,-0.003353,0.009075,0.115227,-11.687624,21.397342,-114.94226
0.205912,0.670411,-12.637241,-0.023993,0.014934,0.159969,-11.687624,21.397342,-114.94226
0.119716,0.809281,-12.723437,-0.028787,0.001884,0.15917,-11.687624,21.397342,-114.94226
0.086196,0.924209,-12.551045,-0.043967,-0.004241,0.152512,-36.141731,54.122688,-84.082946
-0.129293,0.900266,-12.704282,-0.055951,-0.002244,0.18274,-36.141731,54.122688,-84.082946
-0.215489,0.656045,-12.689916,-0.056084,0.008942,0.171155,-36.141731,54.122688,-84.082946
-0.047886,1.0966,-12.584566,-0.041037,0.042898,0.051577,-36.141731,54.122688,-84.082946
0.244221,1.173219,-12.632452,-0.050891,0.050754,0.045984,-96.018325,124.428245,-9.361813
0.239432,0.876322,-12.570199,-0.037975,0.02785,0.096186,-96.018325,124.428245,-9.361813
0.100562,1.015193,-12.455272,-0.043035,0.024388,0.079274,-109.504043,89.005752,-8.494978
0.263376,0.804493,-12.546257,-0.048228,0.003748,0.040924,-109.504043,89.005752,-8.494978
0.349571,0.766184,-12.948503,-0.054753,-0.001711,0.012295,-109.504043,89.005752,-8.494978
0.359149,1.359976,-12.292458,-0.04157,0.004814,0.027741,-109.504043,89.005752,-8.494978
0.201123,0.938575,-12.440906,-0.051157,-0.015427,0.067423,-109.504043,89.005752,-8.494978
0.349571,1.235471,-12.565411,-0.046497,-0.024215,0.003373,-162.547882,120.112815,-12.829152
0.311262,1.02477,-12.776112,-0.048894,-0.029542,0.020817,-162.547882,120.112815,-12.829152
0.181969,1.125332,-12.579777,-0.040904,-0.031805,0.028274,-162.547882,120.112815,-12.829152
0.268164,1.0966,-12.551045,-0.040371,-0.035001,0.01336,-255.869064,136.475479,31.379409
0.138871,1.000827,-12.627664,-0.043567,-0.030873,-0.011408,-255.869064,136.475479,31.379409
0.335205,1.359976,-12.905405,-0.031982,-0.036999,-0.041236,-255.869064,136.475479,31.379409
-0.019155,1.187584,-12.278093,-0.025458,-0.036333,0.035065,-255.869064,136.475479,31.379409
-0.057464,0.986461,-12.527102,-0.032781,-0.045787,0.009232,-342.357482,211.815704,208.733749
0.234644,1.288146,-12.776112,-0.029586,-0.024082,-0.076124,-342.357482,211.815704,208.733749
0.172391,1.125332,-12.560623,-0.029186,-0.01556,-0.061343,-342.357482,211.815704,208.733749
0.148448,1.077446,-12.574989,-0.044233,-0.030474,-0.065471,-342.357482,211.815704,208.733749
0.07183,1.158853,-12.809632,-0.048627,-0.019022,-0.100359,-50.346687,141.330352,617.186157
0.057464,1.350399,-12.364288,-0.04157,-0.008369,-0.115006,-50.346687,141.330352,617.186157
0.24901,1.216316,-12.838364,-0.05715,-0.031938,-0.089306,-50.346687,141.330352,617.186157
0.134082,1.182796,-13.039487,-0.049426,-0.024348,-0.093168,-50.346687,141.330352,617.186157
0.052675,1.436594,-12.340345,-0.03145,-0.001312,-0.112876,78.756607,-2.157715,984.377258
0.153237,1.369553,-12.565411,-0.037176,-0.014494,-0.099693,78.756607,-2.157715,984.377258
0.24901,1.403074,-12.651607,-0.032116,-0.00291,-0.103555,78.756607,-2.157715,984.377258
0.172391,1.460537,-12.661184,-0.02599,-0.005706,-0.081983,78.756607,-2.157715,984.377258
0.134082,1.427017,-12.551045,-0.019066,-0.003442,-0.069732,78.756607,-2.157715,984.377258
0.220278,1.34561,-12.718648,-0.020531,-0.007836,-0.048826,-123.709007,-137.374526,1052.683837
0.148448,1.283357,-12.541468,-0.011742,-0.007304,-0.050424,-123.709007,-137.374526,1052.683837
0.17718,1.268992,-12.670762,-0.017468,-0.017957,-0.076656,147.623687,-278.165466,1620.460449
0.090984,1.24026,-12.584566,-0.020264,-0.015027,-0.090904,147.623687,-278.165466,1620.460449
0.124505,1.383919,-12.565411,-0.023061,-0.014095,-0.102756,147.623687,-278.165466,1620.460449
0.158025,1.498847,-12.53189,-0.016403,-0.004774,-0.061876,206.061798,-263.241241,1687.900146
0.196335,1.470115,-12.680338,-0.015204,-0.008902,-0.05069,206.061798,-263.241241,1687.900146
0.119716,1.431806,-12.598932,-0.002021,-0.008902,-0.03511,206.061798,-263.241241,1687.900146
0.095773,1.312089,-12.579777,0.002639,0.005879,-0.041768,206.061798,-263.241241,1687.900146
0.129293,1.37913,-12.522314,0.001174,0.004681,-0.052554,206.061798,-263.241241,1687.900146
0.17718,1.398285,-12.512736,-0.004285,0.001751,-0.041635,-62.393932,-405.470642,1748.751953
0.225066,1.412651,-12.546257,-0.005883,-0.005839,-0.037907,-62.393932,-405.470642,1748.751953
0.225066,1.27378,-12.74738,-0.009079,-0.00038,-0.041635,-62.393932,-405.470642,1748.751953
0.225066,1.508424,-12.589354,-0.002021,-0.004108,-0.023259,-162.008453,-675.185058,2171.767089
0.229855,1.441383,-12.613298,0.000642,-0.005173,-0.008079,-162.008453,-675.185058,2171.767089
0.220278,1.302512,-12.733014,0.00943,-0.006771,-0.027121,-162.008453,-675.185058,2171.767089
0.158025,1.326455,-12.589354,0.012094,0.002151,-0.048027,-162.008453,-675.185058,2171.767089
0.296896,1.292935,-12.737803,0.0073,-0.021552,-0.01234,-216.490753,-734.702026,2451.754638
0.225066,1.206739,-12.670762,0.0073,-0.003709,-0.01993,-216.490753,-734.702026,2451.754638
0.306473,1.470115,-12.479215,-0.008546,-0.045388,-0.050557,-216.490753,-734.702026,2451.754638
0.033521,1.087023,-12.665973,-0.011209,-0.055375,-0.024857,-216.490753,-734.702026,2451.754638
-0.004789,1.369553,-12.39302,-0.006948,-0.062166,-0.088108,-216.490753,-734.702026,2451.754638
-0.201123,1.187584,-12.685128,-0.014139,-0.05897,-0.111544,-114.89833,-784.868896,2605.18457
-0.220278,0.81407,-13.077796,-0.008014,-0.026346,-0.213412,-114.89833,-784.868896,2605.18457
0.009577,1.642506,-12.234994,-0.019998,-0.021152,-0.442181,-114.89833,-784.868896,2605.18457
0.244221,1.838841,-12.972446,-0.024525,-0.037531,-0.314613,-151.939117,-761.853271,2506.018554
0.110139,1.24026,-12.704282,-0.015071,-0.002776,-0.254558,-151.939117,-761.853271,2506.018554
0.191546,1.182796,-12.699493,-0.008946,0.02026,-0.159082,-151.939117,-761.853271,2506.018554
-0.181969,0.933786,-13.06822,-0.028387,0.004947,-0.232454,-124.967674,-760.774414,2487.294921
-0.062252,1.192373,-13.010755,0.017021,0.108412,-0.409956,-124.967674,-760.774414,2487.294921
0.17718,1.479692,-12.627664,0.049778,0.173128,-0.460424,-124.967674,-760.774414,2487.294921
0.521963,1.834052,-12.14401,0.038592,0.104284,-0.32713,-124.967674,-760.774414,2487.294921
0.339994,1.915459,-12.148799,0.011827,0.022657,-0.19437,-58.438121,-771.203369,2527.169433
0.397458,1.62814,-12.369076,0.011295,-0.072153,0.043055,-58.438121,-771.203369,2527.169433
0.521963,1.810109,-12.962869,0.024744,-0.160038,0.295792,-58.438121,-771.203369,2527.169433
0.325628,1.73349,-12.713859,0.029538,-0.14872,0.433214,-58.438121,-771.203369,2527.169433
0.263376,2.092639,-12.704282,0.038726,-0.126882,0.743477,-115.07814,-760.954223,2539.825195
-0.052675,1.546733,-12.881462,0.050843,-0.077346,0.894081,-115.07814,-760.954223,2539.825195
-0.81407,0.679988,-12.790477,0.04312,0.014135,0.724302,-115.07814,-760.954223,2539.825195
-0.287319,0.627313,-12.574989,0.021947,-0.084936,0.192327,-115.07814,-760.954223,2539.825195
0.043098,0.751818,-13.144838,0.012094,-0.030341,-0.031116,-166.503692,-802.670043,2553.347656
0.454922,1.762222,-12.522314,0.031535,0.034109,-0.103954,-166.503692,-802.670043,2553.347656
0.464499,1.752645,-12.402597,0.021814,0.02026,0.01296,-166.503692,-802.670043,2553.347656
0.167603,0.91942,-12.953291,0.022081,-0.001711,0.118823,-166.503692,-802.670043,2553.347656
0.134082,1.383919,-12.503159,0.045117,0.030647,-0.025789,-162.547882,-813.818237,2558.202148
0.306473,1.532367,-12.512736,0.04565,0.029315,-0.003951,-162.547882,-813.818237,2558.202148
0.10535,1.130121,-12.699493,0.046449,0.005613,0.07741,-162.547882,-813.818237,2558.202148
0.076618,1.067868,-12.689916,0.043253,0.014268,0.059566,-162.547882,-813.818237,2558.202148
0,1.326455,-12.665973,0.033799,0.030913,0.090193,-161.828643,-816.69519,2560.28247
0.023943,1.388708,-12.359499,0.028605,0.046759,0.122551,-161.828643,-816.69519,2560.28247
0.201123,0.924209,-12.421751,0.00437,0.042631,0.080739,-161.828643,-816.69519,2560.28247
0.383092,1.489269,-12.857519,-0.009878,0.067266,0.076345,-161.828643,-816.69519,2560.28247
0.225066,1.541944,-12.555834,-0.003087,0.105749,0.163165,-162.008453,-819.032714,2562.189453
-0.153237,0.402246,-12.460061,-0.05209,0.139172,0.214032,-162.008453,-819.032714,2562.189453
0.507597,-0.009577,-13.245399,-0.076591,0.122394,0.093123,-162.008453,-819.032714,2562.189453
0.785338,2.58587,-13.231033,-0.003752,0.150225,0.501392,-163.446929,-821.909667,2564.963378
0.464499,1.848418,-13.288497,0.06842,0.208815,0.643473,-163.446929,-821.909667,2564.963378
0.454922,0.943364,-13.264554,0.138995,0.28698,0.592606,-163.446929,-821.909667,2564.963378
1.082234,1.149275,-12.929348,0.171087,0.290043,0.615243,-163.446929,-821.909667,2564.963378
2.437422,1.34561,-12.972446,0.110499,0.198162,0.954935,-166.503692,-825.685668,2571.03125
1.101389,2.667277,-12.445695,0.139395,-0.022617,1.680391,-166.503692,-825.685668,2571.03125
0.239432,3.457403,-11.411347,0.294792,-0.248989,2.28294,-166.503692,-825.685668,2571.03125
-0.63689,3.32811,-11.952465,0.443133,-0.614913,3.583249,-167.22293,-841.508911,2564.790039
-0.062252,2.389535,-12.100913,0.382545,-0.613182,3.822271,-167.22293,-841.508911,2564.790039
1.91067,-0.790127,-12.977235,0.106371,-0.441805,3.285236,-167.22293,-841.508911,2564.790039
1.316878,-1.211528,-12.771323,-0.351966,-0.183208,1.05334,-167.22293,-841.508911,2564.790039
1.776588,0.201123,-12.474427,-0.523343,-0.180279,-0.015802,-190.238555,-805.906616,2571.377929
2.628968,3.850073,-12.761746,-0.798851,-0.247391,-0.322337,-190.238555,-805.906616,2571.377929
2.686431,4.740761,-12.618086,-0.808039,-0.30212,0.293129,-190.238555,-805.906616,2571.377929
1.513213,4.094294,-12.014717,-0.658101,-0.473364,1.925539,-190.238555,-805.906616,2571.377929
0.359149,1.283357,-12.589354,-0.318942,-0.56125,2.884291,-174.055694,-856.612915,2580.739746
-0.10535,0.699142,-12.258938,-0.003886,-0.495735,2.909192,-174.055694,-856.612915,2580.739746
0.378303,1.192373,-12.388232,0.461775,-0.39187,2.937289,-174.055694,-856.612915,2580.739746
0.167603,1.101389,-12.661184,0.641941,-0.344731,3.226113,-174.055694,-856.612915,2580.739746
-1.130121,-1.288146,-12.742591,0.67856,-0.218762,3.537042,-188.44046,-840.789672,2575.885498
-1.503635,-2.317705,-11.837537,0.48601,-0.17908,2.84128,-188.44046,-840.789672,2575.885498
-1.52279,-2.059118,-11.444868,0.38401,-0.196924,2.302648,-188.44046,-840.789672,2575.885498
-0.986461,-0.646467,-11.01389,0.309573,-0.21783,1.612213,-188.44046,-840.789672,2575.885498
-1.254626,-0.660833,-10.329113,0.323022,-0.194394,1.549761,-209.11856,-815.796142,2555.254882
-2.427844,1.06308,-9.740109,0.450323,-0.23807,1.657487,-209.11856,-815.796142,2555.254882
-3.993732,2.068696,-10.214185,0.718508,-0.273491,2.386805,-209.11856,-815.796142,2555.254882
-4.027253,0.53154,-10.496716,0.751398,-0.267365,2.761784,-209.11856,-815.796142,2555.254882
-3.50529,-4.970616,-10.961215,-0.862369,0.300829,-3.294869,-219.008087,-821.729858,2576.925781
0.172391,10.147145,-5.396806,-0.601641,-0.479623,-3.150657,-219.008087,-821.729858,2576.925781
0.407035,10.860652,-10.55418,-0.634665,-1.18617,-0.976019,-219.008087,-821.729858,2576.925781
-1.015193,0.373515,-16.324499,-0.586328,-1.089229,2.501589,-174.235504,-945.259094,2613.506103
-4.448653,-3.22276,-11.08572,-0.494581,-0.603595,0.836689,-174.235504,-945.259094,2613.506103
-3.845284,0.076618,-11.794439,-0.558231,-0.696807,-0.424204,-174.235504,-945.259094,2613.506103
-2.212355,3.031214,-14.016371,-0.516019,-0.671773,-0.470544,-174.235504,-945.259094,2613.506103
-1.886727,3.308955,-13.288497,-0.449306,-0.407583,-0.100492,-195.632843,-929.615661,2635.870361
-2.097428,2.303339,-11.516697,-0.329329,-0.384546,0.410576,-195.632843,-929.615661,2635.870361
-1.968134,1.757434,-13.187935,-0.28472,-0.452991,0.255179,-195.632843,-929.615661,2635.870361
-1.987289,1.992077,-12.560623,-0.233986,-0.3944,0.310174,-195.632843,-929.615661,2635.870361
-2.130948,1.723913,-11.871057,-0.250365,-0.424228,0.664646,-224.582183,-875.852539,2596.169433
-2.413478,0.890688,-12.436118,-0.306425,-0.450993,0.753464,-224.582183,-875.852539,2596.169433
-2.494885,0.871534,-12.158376,-0.36435,-0.375092,0.50259,-224.582183,-875.852539,2596.169433
-1.350399,1.130121,-12.431329,-0.520147,-0.451659,0.454386,-226.200469,-872.436157,2597.036132
-1.043925,1.120543,-12.527102,-0.614558,-0.519171,0.579557,-226.200469,-872.436157,2597.036132
-0.976884,0.713508,-11.962041,-0.861037,-0.698937,0.741479,-226.200469,-872.436157,2597.036132
-1.393496,0.794915,-12.790477,-1.075824,-0.82717,0.784889,-226.200469,-872.436157,2597.036132
1.561099,1.599408,-15.486486,-1.469312,-1.153812,0.725899,-226.200469,-872.436157,2597.036132
2.284185,0.225066,-19.686128,-2.102488,-1.594572,1.128176,-216.131134,-885.382446,2624.428222
-0.881111,1.613774,-21.237651,-2.233518,-1.696173,1.209537,-216.131134,-885.382446,2624.428222
-5.569197,5.368074,-11.004312,-1.534694,-1.140363,0.731226,-216.131134,-885.382446,2624.428222
-6.522138,5.31061,-8.586046,-1.179423,-1.151548,0.642009,-216.131134,-885.382446,2624.428222
0.545906,2.068696,-12.450484,0.147251,-1.473396,1.300485,-212.534942,-899.767211,2529.769775
-0.272953,2.72474,-13.389059,1.225448,-0.805865,1.582918,-212.534942,-899.767211,2529.769775
-2.15968,3.251492,-9.711378,2.568634,0.218935,1.605022,-212.534942,-899.767211,2529.769775
-1.637717,4.922729,-11.851902,3.178374,0.404827,1.083967,-212.894561,-898.328735,2588.367919
-1.929825,2.566715,-12.191897,3.186364,1.345336,1.435909,-212.894561,-898.328735,2588.367919
-1.498847,1.671238,-12.776112,3.029634,1.49634,0.99435,-212.894561,-898.328735,2588.367919
-1.0966,1.690392,-12.919771,2.790212,1.922053,-0.22979,-233.572677,-868.300537,2618.360351
-0.622524,2.44221,-12.85273,2.485143,2.06227,-0.966166,-233.572677,-868.300537,2618.360351
-0.526751,2.379958,-13.001178,2.317228,2.045892,-1.004915,-233.572677,-868.300537,2618.360351
-0.847591,1.427017,-11.669934,2.060362,1.77531,-0.898653,-233.572677,-868.300537,2618.360351
-0.866745,1.388708,-11.090508,1.869277,1.496073,-0.831274,-242.203536,-861.467773,2609.691894
-0.550694,1.738279,-10.530236,1.297488,0.845853,-0.292242,-242.203536,-861.467773,2609.691894
-1.436594,0.450133,-9.821516,0.607319,0.151423,0.339069,-242.203536,-861.467773,2609.691894
-1.80532,0.579426,-9.443213,0.240729,-0.17442,0.2388,-242.203536,-861.467773,2609.691894
-2.327283,1.474903,-8.916462,-0.508429,-0.786557,-0.2993,-253.531539,-839.351196,2579.352783
-0.560272,0.627313,-10.520659,-1.087276,-1.156608,-0.809836,-253.531539,-839.351196,2579.352783
6.26834,3.036002,-25.66715,-1.152524,-1.203614,-1.174028,-253.531539,-839.351196,2579.352783
0.292108,4.448653,-17.306171,-1.31458,-0.938759,-1.238744,-253.531539,-839.351196,2579.352783
-3.390362,3.519656,-8.183799,-1.184749,-1.276319,-0.082915,-195.093414,-916.489501,2568.083984
-2.983327,2.05433,-13.374692,-1.174895,-1.473263,1.512077,-195.093414,-916.489501,2568.083984
-2.322494,-3.021636,-17.550392,-1.360387,-1.3939,1.535912,-195.093414,-916.489501,2568.083984
-2.217144,0.866745,-11.722609,-0.916565,-0.663916,-0.661096,-195.093414,-916.489501,2568.083984
-2.389535,3.385574,-11.133605,-0.919761,-0.751802,-0.973489,-280.862609,-824.96643,2583.166992
-2.33686,2.72474,-13.350749,-0.835737,-0.751802,0.01882,-280.862609,-824.96643,2583.166992
-2.681643,0.306473,-12.891039,-0.77688,-0.560184,0.37742,-280.862609,-824.96643,2583.166992
-3.050368,-0.325628,-11.794439,-0.609631,-0.448863,-0.385455,-280.862609,-824.96643,2583.166992
-0.861956,2.882766,-12.761746,-0.656769,-0.486547,-0.798384,-242.203536,-864.344726,2611.078857
-0.201123,3.0791,-12.474427,-0.668621,-0.443536,-0.428465,-242.203536,-864.344726,2611.078857
-1.838841,1.728702,-12.206263,-0.706838,-0.515576,0.398459,-242.203536,-864.344726,2611.078857
-2.236298,1.719124,-12.043449,-0.717224,-0.527427,0.408845,-242.203536,-864.344726,2611.078857
-1.039137,1.790954,-12.618086,-0.822154,-0.5739,0.341333,-223.323516,-889.697875,2618.187011
-0.718297,1.216316,-13.618914,-1.310319,-0.902006,0.776234,-223.323516,-889.697875,2618.187011
-0.057464,1.431806,-14.332422,-1.778643,-1.035166,0.570768,-222.784088,-889.877685,2624.601562
1.16843,1.613774,-16.362808,-2.008078,-1.260873,0.649199,-222.784088,-889.877685,2624.601562
4.788647,0.215489,-21.074836,-2.44937,-1.664348,1.479719,-222.784088,-889.877685,2624.601562
0.2107,0.42619,-18.805017,-2.382125,-1.600298,1.925938,-222.784088,-889.877685,2624.601562
-8.777591,2.662488,-14.002005,-2.221534,-1.121055,1.245357,-222.784088,-889.877685,2624.601562
-6.201298,1.824475,-12.220628,-1.756272,-0.990957,-0.295838,-238.247726,-889.877685,2596.862792
-3.332899,2.250664,-10.927694,-1.02762,-0.821711,-0.813165,-238.247726,-889.877685,2596.862792
-1.723913,3.926691,-10.400942,0.661515,0.047558,-0.774548,-238.247726,-889.877685,2596.862792
-2.595447,5.123853,-9.586873,1.30348,0.599906,-0.558829,-238.247726,-889.877685,2596.862792
-3.591485,4.510906,-8.384922,2.118952,1.284216,-0.399303,-210.557037,-904.981689,2589.234619
-2.801359,3.270646,-10.175876,2.919777,1.714323,-0.587725,-210.557037,-904.981689,2589.234619
-2.729529,4.946673,-10.851076,3.312732,2.000351,-0.835269,-210.557037,-904.981689,2589.234619
-1.80532,7.005791,-12.263727,3.644168,2.42593,-0.102356,-210.557037,-904.981689,2589.234619
-2.078273,6.464674,-12.613298,3.713677,2.576801,0.500726,-203.005035,-918.647216,2611.425781
-3.988943,3.165296,-12.99639,3.765743,2.593579,0.790349,-203.005035,-918.647216,2611.425781
-3.423883,2.078273,-13.369904,3.754691,2.48026,0.412574,-203.005035,-918.647216,2611.425781
-2.729529,2.925864,-13.231033,3.641904,2.229785,-0.548576,-203.005035,-918.647216,2611.425781