0.450133,1.671238,-12.613298,-0.012889,-0.004631,-0.010634,-171.71817,-934.830139,3284.089355
0.483653,1.618563,-12.646819,-0.008361,-0.002501,0.008807,-171.71817,-934.830139,3284.089355
0.56506,1.45096,-12.570199,-0.002635,0.003225,0.012935,-171.71817,-934.830139,3284.089355
0.579426,1.508424,-12.584566,-0.005032,-0.004898,0.012669,-171.71817,-934.830139,3284.089355
0.569849,1.398285,-12.503159,-0.009826,-0.01302,0.030512,-172.617218,-934.29071,3284.956054
0.617735,1.331244,-12.680338,-0.020079,-0.020344,0.007209,-172.617218,-934.29071,3284.956054
0.349571,1.613774,-12.598932,-0.015419,-0.009425,-0.010767,-172.617218,-934.29071,3284.956054
0.292108,1.728702,-12.74738,-0.003168,0.008285,-0.004775,-172.617218,-934.29071,3284.956054
0.339994,1.671238,-12.728225,0.011746,0.025463,-0.00584,-171.358551,-935.908996,3282.355712
0.517174,1.608985,-12.555834,0.028924,0.036249,0.031977,-171.358551,-935.908996,3282.355712
0.464499,1.527578,-12.809632,0.035449,0.049299,0.035572,-171.358551,-935.908996,3282.355712
0.35436,1.747856,-12.699493,0.058086,0.074066,0.063669,-171.358551,-935.908996,3282.355712
0.60337,1.52279,-12.565411,0.07766,0.100565,0.100288,-172.976837,-936.088806,3283.222412
0.928998,1.043925,-12.416963,0.069138,0.078993,0.070194,-172.976837,-936.088806,3283.222412
0.943364,0.952941,-12.440906,0.051694,0.051962,0.038502,-172.976837,-936.088806,3283.222412
0.732663,1.197162,-12.484004,0.016806,0.010283,0.018262,-172.976837,-936.088806,3283.222412
0.727874,1.072657,-12.627664,-0.008494,-0.01302,0.011071,-175.494171,-934.29071,3282.529052
0.684777,1.197162,-12.656395,-0.013421,-0.013154,-0.026747,-175.494171,-934.29071,3282.529052
0.656045,1.546733,-12.560623,-0.00916,-0.016083,-0.033271,-175.494171,-934.29071,3282.529052
0.679988,1.163641,-12.60372,-0.015152,-0.01342,-0.0113,-172.257598,-935.729187,3281.142089
0.641679,1.326455,-12.613298,-0.007562,-0.018613,-0.059637,-172.257598,-935.729187,3281.142089
0.766184,1.403074,-12.685128,-0.015152,-0.032062,-0.05511,-172.257598,-935.729187,3281.142089
0.617735,1.441383,-12.503159,-0.025406,-0.030997,-0.038465,-172.257598,-935.729187,3281.142089
0.507597,1.441383,-12.570199,-0.032463,-0.036057,-0.024882,-172.976837,-934.29071,3283.916015
0.56506,1.359976,-12.589354,-0.032463,-0.032728,0.007342,-172.976837,-934.29071,3283.916015
0.502808,1.178007,-12.60851,-0.044447,-0.040984,-0.038598,-172.976837,-934.29071,3283.916015
0.42619,1.575465,-12.618086,-0.035259,-0.011556,0.009739,-171.53836,-935.009948,3284.262695
0.474076,1.407862,-12.637241,-0.024473,-0.002767,0.002282,-171.53836,-935.009948,3284.262695
0.512385,1.503635,-12.670762,-0.019946,0.001494,-0.015428,-171.53836,-935.009948,3284.262695
0.526751,1.676027,-12.560623,-0.013954,0.014277,0.018395,-171.358551,-934.1109,3282.008789
0.488442,1.52279,-12.694705,-0.005298,0.016142,0.050087,-171.358551,-934.1109,3282.008789
0.56506,1.537156,-12.546257,0.008284,0.025996,0.029048,-171.358551,-934.1109,3282.008789
0.541117,1.494058,-12.60372,0.010015,0.0228,0.031311,-171.358551,-934.1109,3282.008789
0.53154,1.508424,-12.579777,0.031321,0.034385,0.039035,-171.53836,-936.088806,3284.609375
0.541117,1.331244,-12.565411,0.030788,0.030656,0.028115,-171.53836,-936.088806,3284.609375
0.857168,1.034348,-12.460061,0.017339,0.01734,-0.032739,-171.53836,-936.088806,3284.609375
0.861956,1.067868,-12.512736,-0.001703,-0.000637,-0.046055,-171.53836,-936.088806,3284.609375
0.589004,1.393496,-12.541468,-0.029001,-0.035258,-0.043791,-172.257598,-934.650329,3282.182128
0.555483,1.489269,-12.680338,-0.038588,-0.050172,-0.028478,-172.257598,-934.650329,3282.182128
0.287319,1.69997,-12.699493,-0.036591,-0.024073,0.014799,-172.257598,-934.650329,3282.182128
0.383092,1.623351,-12.651607,-0.032863,-0.00796,0.047823,-172.257598,-934.650329,3282.182128
0.521963,1.206739,-12.53668,-0.026071,0.010549,0.049821,-171.53836,-933.931091,3283.222412
0.60337,1.134909,-12.598932,-0.026737,0.009617,0.008008,-171.53836,-933.931091,3283.222412
0.622524,1.671238,-12.584566,-0.020346,0.00429,-0.058305,-171.53836,-933.931091,3283.222412
0.584215,1.838841,-12.527102,-0.021144,0.002559,-0.029277,-171.53836,-933.931091,3283.222412
0.478865,1.575465,-12.761746,-0.020612,-0.001302,0.057011,-172.077789,-935.908996,3283.395751
0.474076,1.474903,-12.646819,-0.008361,0.010016,0.062604,-172.077789,-935.908996,3283.395751
0.512385,1.465326,-12.53189,0.001093,0.018139,0.037703,-172.077789,-935.908996,3283.395751
0.589004,1.427017,-12.665973,0.002957,0.013745,-0.007039,-172.077789,-935.908996,3283.395751
0.560272,1.422228,-12.541468,0.002691,0.01734,-0.003976,-172.077789,-935.908996,3283.395751
0.560272,1.374342,-12.589354,-0.005565,0.007753,0.00175,-171.897979,-933.931091,3280.79541
0.536328,1.431806,-12.709071,-0.008894,0.00469,-0.013697,-171.897979,-933.931091,3280.79541
0.488442,1.747856,-12.613298,0.003623,0.014544,-0.018224,-171.897979,-933.931091,3280.79541
0.550694,1.790954,-12.584566,0.008018,0.018006,0.016264,-171.897979,-933.931091,3280.79541
0.665622,1.331244,-12.53668,0.013743,0.012147,0.004679,-172.257598,-935.729187,3281.488769
0.679988,1.393496,-12.555834,0.006286,0.002426,0.004679,-172.257598,-935.729187,3281.488769
0.608158,1.297723,-12.565411,-0.004499,-0.006496,0.00135,-172.257598,-935.729187,3281.488769
0.560272,1.359976,-12.670762,-0.005032,-0.011955,-0.022086,-171.71817,-934.1109,3282.702392
0.507597,1.465326,-12.546257,-0.004233,-0.007161,-0.051914,-171.71817,-934.1109,3282.702392
0.526751,1.498847,-12.661184,-0.003967,-0.010091,-0.054178,-171.71817,-934.1109,3282.702392
0.53154,1.527578,-12.541468,0.00096,-0.00077,-0.038997,-171.71817,-934.1109,3282.702392
0.53154,1.508424,-12.622875,0.000161,-0.0033,-0.028211,-170.639312,-933.751281,3282.355712
0.579426,1.403074,-12.618086,-0.000238,-0.000637,-0.0109,-170.639312,-933.751281,3282.355712
0.550694,1.37913,-12.622875,-0.000771,-0.000237,-0.012498,-170.639312,-933.751281,3282.355712
0.512385,1.498847,-12.570199,-0.000238,0.001095,-0.015561,-170.639312,-933.751281,3282.355712
0.545906,1.532367,-12.665973,0.002425,-0.001968,-0.012232,-170.639312,-933.751281,3282.355712
0.512385,1.403074,-12.60372,0.004422,0.004557,-0.004376,-172.617218,-935.009948,3284.262695
0.550694,1.350399,-12.637241,0.007352,0.002826,-0.015961,-172.617218,-935.009948,3284.262695
0.589004,1.37913,-12.560623,0.007085,0.00469,-0.027013,-172.617218,-935.009948,3284.262695
0.579426,1.369553,-12.60851,-0.003301,-0.000503,-0.031807,-172.617218,-935.009948,3284.262695
0.56506,1.436594,-12.646819,-0.005964,-0.0033,-0.029942,-172.257598,-935.009948,3283.222412
0.574638,1.355187,-12.53668,-0.009959,-0.015284,-0.016893,-172.257598,-935.009948,3283.222412
0.545906,1.288146,-12.570199,-0.011024,-0.019678,-0.025948,-172.257598,-935.009948,3283.222412
0.560272,1.565888,-12.704282,-0.018082,-0.016616,-0.06736,-172.257598,-935.009948,3283.222412
0.498019,1.642506,-12.613298,-0.014087,-0.01049,-0.040196,-171.53836,-935.009948,3284.262695
0.445344,1.661661,-12.60372,-0.013288,-0.007428,-0.000514,-171.53836,-935.009948,3284.262695
0.660833,1.690392,-12.661184,-0.010092,-0.003167,0.0658,-171.53836,-935.009948,3284.262695
0.555483,1.465326,-12.565411,-0.011823,-0.001036,0.096693,-171.53836,-935.009948,3284.262695
0.435767,1.264203,-12.689916,-0.008761,-0.004498,0.061006,-171.53836,-935.009948,3284.262695
0.445344,1.427017,-12.589354,0.002292,0.005223,0.028648,-173.156646,-935.549377,3284.089355
0.569849,1.465326,-12.584566,-0.001969,0.002027,0.038502,-173.156646,-935.549377,3284.089355
0.454922,1.34561,-12.627664,0.000028,-0.00077,0.038502,-173.156646,-935.549377,3284.089355
0.521963,1.474903,-12.60851,0.004822,-0.001036,0.015066,-171.53836,-934.650329,3284.956054
0.536328,1.364764,-12.60851,0.006286,-0.003167,0.004546,-171.53836,-934.650329,3284.956054
0.507597,1.37913,-12.560623,0.010681,-0.0029,-0.007838,-171.53836,-934.650329,3284.956054
0.541117,1.374342,-12.522314,0.006553,-0.000503,-0.014629,-171.53836,-934.650329,3284.956054
0.584215,1.37913,-12.60372,0.002025,-0.014618,-0.002112,-172.437408,-934.47052,3282.702392
0.545906,1.34561,-12.642029,-0.009693,-0.013154,-0.013697,-172.437408,-934.47052,3282.702392
0.421401,1.565888,-12.685128,-0.005298,-0.01089,-0.038731,-172.437408,-934.47052,3282.702392
0.435767,1.738279,-12.622875,-0.001703,-0.006096,-0.016493,-172.437408,-934.47052,3282.702392
0.517174,1.393496,-12.680338,-0.002236,0.006155,0.046358,-171.71817,-933.391662,3284.436035
0.498019,1.249837,-12.598932,0.002691,0.009217,0.034907,-171.71817,-933.391662,3284.436035
0.550694,1.446171,-12.551045,0.004023,0.001228,0.005745,-171.71817,-933.391662,3284.436035
0.550694,1.422228,-12.522314,-0.003301,-0.0033,0.023322,-171.71817,-933.391662,3284.436035
0.502808,1.355187,-12.661184,-0.010758,-0.01302,0.031977,-171.71817,-933.391662,3284.436035
0.440556,1.37913,-12.584566,-0.007828,-0.005963,0.015066,-172.257598,-935.009948,3284.262695
0.498019,1.45096,-12.637241,-0.006896,-0.005963,0.000285,-172.257598,-935.009948,3284.262695
0.469287,1.431806,-12.589354,-0.005831,0.000828,0.017463,-172.257598,-935.009948,3284.262695
0.464499,1.350399,-12.613298,-0.004366,0.000961,0.015865,-172.257598,-935.009948,3284.262695
0.478865,1.37913,-12.632452,-0.0041,-0.000503,-0.013164,-172.797027,-935.189758,3284.089355
0.550694,1.474903,-12.613298,-0.005165,-0.001835,-0.016094,-172.797027,-935.189758,3284.089355
0.498019,1.484481,-12.594143,-0.010092,-0.007161,0.012403,-172.797027,-935.189758,3284.089355
0.450133,1.422228,-12.613298,-0.00956,-0.007028,0.018395,-172.797027,-935.189758,3284.089355
0.469287,1.412651,-12.622875,-0.002103,-0.00836,0.003747,-172.976837,-934.29071,3281.835449
0.45971,1.374342,-12.627664,-0.004899,-0.007827,-0.005574,-172.976837,-934.29071,3281.835449
0.498019,1.383919,-12.670762,-0.004766,-0.005563,-0.021953,-172.976837,-934.29071,3281.835449
0.454922,1.431806,-12.589354,-0.008494,-0.004764,-0.015561,-172.976837,-934.29071,3281.835449
0.478865,1.422228,-12.589354,-0.009293,-0.006362,-0.013963,-172.976837,-934.29071,3281.835449
0.493231,1.316878,-12.651607,-0.014353,-0.011822,-0.018224,-170.998931,-934.47052,3283.049072
0.450133,1.374342,-12.627664,-0.015019,-0.011156,-0.02901,-170.998931,-934.47052,3283.049072
0.478865,1.561099,-12.594143,-0.019147,-0.008892,-0.01636,-170.998931,-934.47052,3283.049072
0.383092,1.55631,-12.594143,-0.001304,0.011614,-0.001846,-171.53836,-935.009948,3284.956054
0.464499,1.546733,-12.594143,-0.000638,0.00975,0.011737,-171.53836,-935.009948,3284.956054
0.450133,1.359976,-12.594143,0.000561,0.00935,0.029048,-171.53836,-935.009948,3284.956054
0.454922,1.302512,-12.53668,-0.000904,0.00722,0.014,-171.53836,-935.009948,3284.956054
0.469287,1.388708,-12.627664,-0.002635,0.004823,0.000684,-170.819122,-935.369567,3284.609375
0.536328,1.45096,-12.53189,-0.007828,-0.003832,0.00934,-170.819122,-935.369567,3284.609375
0.464499,1.383919,-12.574989,-0.013821,-0.01049,0.016664,-170.819122,-935.369567,3284.609375
0.407035,1.436594,-12.642029,-0.016617,-0.005031,-0.015428,-170.819122,-935.369567,3284.609375
0.397458,1.541944,-12.589354,-0.013155,-0.000237,-0.022752,-171.71817,-935.189758,3283.049072
0.411824,1.45096,-12.642029,-0.010225,0.001494,-0.014629,-171.71817,-935.189758,3283.049072
0.392669,1.393496,-12.613298,-0.004366,0.006954,-0.020754,-171.71817,-935.189758,3283.049072
0.416612,1.407862,-12.618086,-0.004366,0.007619,-0.031673,-171.71817,-935.189758,3283.049072
0.502808,1.647295,-12.613298,-0.001037,0.011881,-0.031141,-171.71817,-935.189758,3283.049072
0.440556,1.446171,-12.560623,-0.006896,0.008019,0.039168,-170.639312,-935.189758,3284.436035
0.421401,1.302512,-12.637241,-0.009826,0.004157,0.038901,-170.639312,-935.189758,3284.436035
0.416612,1.355187,-12.618086,-0.007163,0.005622,0.018661,-170.639312,-935.189758,3284.436035
0.483653,1.431806,-12.551045,-0.006364,0.002426,-0.003177,-170.639312,-935.189758,3284.436035
0.478865,1.41744,-12.661184,-0.010359,-0.001435,-0.004908,-171.53836,-935.009948,3283.916015
0.421401,1.513213,-12.589354,-0.009293,0.003092,-0.00837,-171.53836,-935.009948,3283.916015
0.407035,1.551522,-12.555834,-0.00703,0.003625,-0.004109,-171.53836,-935.009948,3283.916015
0.45971,1.45096,-12.642029,-0.007429,0.002959,0.012802,-171.53836,-935.009948,3283.916015
0.416612,1.489269,-12.632452,0.000561,0.003358,0.009207,-171.53836,-936.808044,3282.529052
0.335205,1.623351,-12.728225,0.002824,0.009217,0.013601,-171.53836,-936.808044,3282.529052
0.263376,1.288146,-12.574989,0.000161,0.025729,0.035306,-171.53836,-936.808044,3282.529052
0.363937,1.0966,-12.474427,0.001493,0.034917,0.021191,-171.53836,-936.808044,3282.529052
0.679988,1.302512,-12.579777,-0.013022,0.023998,-0.025282,-171.53836,-936.808044,3282.529052
0.641679,1.446171,-12.560623,-0.024074,0.013212,-0.022885,-172.257598,-935.009948,3283.222412
0.469287,1.62814,-12.584566,-0.031398,-0.0033,0.020126,-172.257598,-935.009948,3283.222412
0.454922,1.786165,-12.589354,0.014676,0.018006,0.074189,-172.617218,-935.009948,3282.875732
0.56506,1.59462,-12.723437,0.019469,0.012014,0.107213,-172.617218,-935.009948,3282.875732
0.42619,1.230682,-12.53189,0.032785,0.021069,0.09869,-172.617218,-935.009948,3282.875732
0.550694,1.130121,-12.574989,0.03212,0.017074,0.054215,-172.617218,-935.009948,3282.875732
0.665622,1.149275,-12.555834,0.030388,0.014011,0.007742,-172.617218,-935.009948,3282.875732
0.713508,1.383919,-12.517525,0.012412,-0.011822,-0.008903,-171.53836,-934.29071,3282.529052
0.56506,1.465326,-12.565411,0.004289,-0.027668,0.009606,-171.53836,-934.29071,3282.529052
0.368726,1.455749,-12.632452,0.005621,-0.027801,0.011337,-171.53836,-934.29071,3282.529052
0.325628,1.37913,-12.627664,0.008417,-0.019678,-0.002112,-171.53836,-934.29071,3282.529052
0.512385,1.139698,-12.622875,-0.002103,-0.011955,-0.014496,-171.71817,-933.751281,3284.089355
0.45971,1.154064,-12.60851,-0.010092,-0.012355,-0.027279,-171.71817,-933.751281,3284.089355
0.512385,1.206739,-12.618086,-0.035792,-0.01555,-0.043791,-171.71817,-933.751281,3284.089355
0.407035,1.37913,-12.685128,-0.034993,-0.017015,-0.048718,-171.71817,-933.751281,3284.089355
0.38788,1.795743,-12.661184,-0.040053,-0.019146,-0.025149,-171.71817,-933.751281,3284.089355
0.373515,1.747856,-12.689916,-0.033662,-0.016349,-0.005441,-171.358551,-936.268615,3283.742431
0.292108,1.623351,-12.713859,-0.023941,-0.008759,-0.003044,-171.358551,-936.268615,3283.742431
0.316051,1.532367,-12.53189,0.004822,0.01481,-0.02901,-171.358551,-936.268615,3283.742431
0.402246,1.489269,-12.551045,0.008151,0.017873,-0.026214,-171.358551,-936.268615,3283.742431
0.498019,1.0966,-12.661184,-0.00703,0.015609,-0.029676,-171.897979,-933.931091,3283.222412
0.435767,1.254626,-12.598932,-0.009826,0.012813,-0.064298,-171.897979,-933.931091,3283.222412
0.483653,1.652083,-12.60851,-0.018748,0.006687,-0.060702,-171.897979,-933.931091,3283.222412
0.483653,1.551522,-12.584566,-0.022077,0.006554,-0.025149,-171.897979,-933.931091,3283.222412
0.493231,1.388708,-12.594143,-0.018881,0.004823,-0.011566,-171.178741,-935.009948,3282.875732
0.53154,1.422228,-12.60372,-0.017815,0.002826,-0.024216,-171.178741,-935.009948,3282.875732
0.502808,1.470115,-12.632452,-0.020479,0.001095,-0.02182,-171.178741,-935.009948,3282.875732
0.464499,1.283357,-12.551045,-0.034727,-0.002767,0.00135,-171.178741,-935.009948,3282.875732
0.383092,1.355187,-12.646819,-0.039787,-0.010224,-0.016227,-171.178741,-935.009948,3282.875732
0.445344,1.790954,-12.613298,-0.034194,-0.008759,-0.03154,-170.099884,-934.650329,3284.262695
0.407035,1.225894,-12.522314,-0.029001,0.004956,0.006677,-170.099884,-934.650329,3284.262695
0.474076,1.120543,-12.584566,-0.035925,0.000828,-0.040728,-170.099884,-934.650329,3284.262695
0.416612,1.37913,-12.560623,-0.05044,-0.006229,-0.124752,-171.178741,-935.009948,3284.609375
0.411824,1.680815,-12.579777,-0.053902,-0.015018,-0.133674,-171.178741,-935.009948,3284.609375
0.469287,1.977711,-12.613298,-0.054834,-0.016349,-0.058039,-171.178741,-935.009948,3284.609375
0.440556,1.963345,-12.613298,-0.051638,-0.015284,0.008141,-171.178741,-935.009948,3284.609375
0.325628,1.843629,-12.60372,-0.042051,-0.014485,0.06793,-172.257598,-936.088806,3283.916015
0.306473,1.632929,-12.642029,-0.024074,-0.007161,0.072458,-172.257598,-936.088806,3283.916015
0.316051,1.781377,-12.709071,-0.009293,0.000695,0.040899,-172.257598,-936.088806,3283.916015
0.320839,1.666449,-12.527102,0.006819,0.023465,0.054881,-172.257598,-936.088806,3283.916015
0.407035,1.604197,-12.560623,0.01108,0.022933,0.073124,-172.257598,-936.088806,3283.916015
0.507597,1.465326,-12.737803,0.006819,0.012946,0.055546,-171.53836,-933.931091,3282.529052
0.392669,1.618563,-12.651607,0.013344,0.017207,0.022656,-171.53836,-933.931091,3282.529052
0.430978,1.561099,-12.488793,0.004689,0.015742,0.06793,-171.53836,-933.931091,3282.529052
0.450133,1.245048,-12.694705,-0.013554,0.009084,0.098024,-171.53836,-933.931091,3282.529052
0.392669,1.101389,-12.713859,-0.020878,0.012147,0.076985,-171.178741,-935.729187,3284.609375
0.469287,1.149275,-12.416963,-0.03739,0.018938,-0.054843,-171.178741,-935.729187,3284.609375
0.569849,1.230682,-12.517525,-0.049774,0.011481,-0.102781,-171.178741,-935.729187,3284.609375
0.545906,1.728702,-12.627664,-0.065886,-0.015284,-0.111303,-171.178741,-935.729187,3284.609375
0.421401,2.020809,-12.565411,-0.06269,-0.02101,-0.087867,-170.819122,-935.009948,3283.222412
0.28253,2.351226,-12.713859,-0.027669,-0.013287,-0.015694,-170.819122,-935.009948,3283.222412
0.263376,2.188412,-12.651607,-0.005432,0.005622,0.040499,-170.819122,-935.009948,3283.222412
0.296896,2.068696,-12.613298,0.019736,0.018405,0.07805,-170.819122,-935.009948,3283.222412
0.402246,1.470115,-12.589354,0.062214,0.03505,0.084176,-173.336456,-935.369567,3283.222412
0.488442,1.513213,-12.560623,0.071135,0.034784,0.05022,-173.336456,-935.369567,3283.222412
0.593792,1.551522,-12.517525,0.064344,0.024131,0.077784,-173.336456,-935.369567,3283.222412
0.584215,1.388708,-12.522314,0.051694,0.015742,0.107213,-173.336456,-935.369567,3283.222412
0.507597,1.192373,-12.622875,0.035315,-0.000104,0.068596,-170.998931,-935.908996,3283.742431
0.478865,1.589831,-12.613298,0.000294,-0.007428,-0.070689,-170.998931,-935.908996,3283.742431
0.464499,1.498847,-12.598932,-0.022343,-0.013553,0.014666,-170.639312,-934.47052,3285.476318
0.373515,1.407862,-12.60851,-0.023275,-0.013953,0.013601,-170.639312,-934.47052,3285.476318
0.45971,1.695181,-12.594143,-0.021011,-0.011556,-0.017159,-170.639312,-934.47052,3285.476318
0.507597,1.857995,-12.598932,-0.019147,-0.011156,0.016397,-170.639312,-934.47052,3285.476318
0.268164,1.604197,-12.680338,-0.018348,-0.010624,0.095628,-170.639312,-934.47052,3285.476318
0.339994,1.350399,-12.598932,-0.006231,0.014011,0.065667,-170.998931,-933.751281,3284.089355
0.498019,1.264203,-12.67555,-0.007962,0.01521,0.018128,-170.998931,-933.751281,3284.089355
0.440556,1.723913,-12.46485,0.007884,0.020802,-0.06483,-170.998931,-933.751281,3284.089355
0.454922,1.838841,-12.551045,0.008683,0.013612,-0.050316,-170.998931,-933.751281,3284.089355
0.498019,1.37913,-12.642029,0.010281,0.015742,0.005212,-170.099884,-935.729187,3284.262695
0.478865,1.211528,-12.560623,0.009882,0.016275,-0.017692,-170.099884,-935.729187,3284.262695
0.641679,1.383919,-12.589354,-0.004233,-0.003033,-0.084804,-170.099884,-935.729187,3284.262695
0.526751,1.656872,-12.546257,-0.02474,-0.023007,-0.031407,-170.099884,-935.729187,3284.262695
0.397458,1.608985,-12.60372,-0.032064,-0.032462,0.000019,-171.71817,-935.908996,3283.395751
0.325628,1.55631,-12.646819,-0.027802,-0.024472,-0.00118,-171.71817,-935.908996,3283.395751
0.306473,1.62814,-12.646819,-0.023408,-0.01808,-0.0113,-171.71817,-935.908996,3283.395751
0.383092,1.565888,-12.574989,-0.014886,0.001627,0.003481,-171.71817,-935.908996,3283.395751
0.526751,1.494058,-12.570199,-0.016351,-0.003966,0.004546,-170.819122,-935.729187,3285.302734
0.483653,1.494058,-12.598932,-0.021011,-0.010091,-0.000647,-170.819122,-935.729187,3285.302734
0.378303,1.59462,-12.584566,-0.02474,-0.014352,-0.007705,-170.819122,-935.729187,3285.302734
0.383092,1.575465,-12.632452,-0.027536,-0.014618,-0.008637,-170.819122,-935.729187,3285.302734
0.383092,1.618563,-12.637241,-0.021677,-0.005563,-0.023284,-170.819122,-934.29071,3284.609375
0.383092,1.73349,-12.60372,-0.01928,-0.004365,-0.022219,-170.819122,-934.29071,3284.609375
0.397458,1.69997,-12.570199,-0.017017,-0.004099,-0.013164,-170.819122,-934.29071,3284.609375
0.349571,1.508424,-12.670762,-0.023275,-0.00543,0.013468,-170.819122,-934.29071,3284.609375
0.368726,1.52279,-12.622875,-0.023808,-0.00077,0.020658,-170.279693,-934.830139,3284.436035
0.373515,1.575465,-12.579777,-0.028468,-0.003167,0.010139,-170.279693,-934.830139,3284.436035
0.344783,1.704759,-12.60851,-0.023541,-0.001302,0.021191,-171.178741,-935.369567,3284.956054
0.373515,1.680815,-12.60372,-0.019946,0.002293,0.030113,-171.178741,-935.369567,3284.956054
0.373515,1.690392,-12.555834,-0.018215,0.002559,0.032377,-171.178741,-935.369567,3284.956054
0.383092,1.55631,-12.594143,-0.020612,0.001894,0.024387,-171.178741,-935.369567,3284.956054
0.363937,1.565888,-12.60851,-0.018614,0.003491,0.013068,-172.257598,-935.369567,3283.916015
0.416612,1.661661,-12.589354,-0.018215,0.008285,0.004946,-172.257598,-935.369567,3283.916015
0.42619,1.656872,-12.584566,-0.018082,0.005622,0.01653,-172.257598,-935.369567,3283.916015
0.378303,1.642506,-12.579777,-0.021011,0.003092,0.018794,-172.257598,-935.369567,3283.916015
0.38788,1.661661,-12.613298,-0.018082,0.001894,0.014666,-171.358551,-936.268615,3284.782714
0.445344,1.685604,-12.570199,-0.017283,0.001894,0.015066,-171.358551,-936.268615,3284.782714
0.359149,1.666449,-12.589354,-0.016883,-0.002501,0.018262,-171.358551,-936.268615,3284.782714
0.325628,1.680815,-12.613298,-0.015152,-0.001569,0.009207,-171.358551,-936.268615,3284.782714
0.407035,1.743068,-12.584566,-0.00916,0.007619,0.005345,-168.841217,-935.908996,3285.476318
0.349571,1.709547,-12.594143,-0.005032,0.00975,0.0144,-168.841217,-935.908996,3285.476318
0.411824,1.695181,-12.555834,-0.003834,0.011348,0.017596,-168.841217,-935.908996,3285.476318
0.421401,1.604197,-12.60372,-0.005165,0.010549,0.013468,-168.841217,-935.908996,3285.476318
0.38788,1.647295,-12.598932,-0.003434,0.01228,0.002016,-168.841217,-935.908996,3285.476318
0.411824,1.680815,-12.60851,-0.006364,0.010815,-0.002911,-172.437408,-937.347473,3283.742431
0.435767,1.661661,-12.574989,-0.006231,0.011082,-0.005707,-172.437408,-937.347473,3283.742431
0.430978,1.680815,-12.541468,-0.008761,0.005755,-0.015561,-172.437408,-937.347473,3283.742431
0.498019,1.690392,-12.622875,-0.011024,0.000562,-0.011699,-171.358551,-936.268615,3286.169677
0.478865,1.752645,-12.53189,-0.009693,-0.00037,0.000019,-171.358551,-936.268615,3286.169677
0.402246,1.709547,-12.598932,-0.011823,-0.01089,0.012136,-171.358551,-936.268615,3286.169677
0.397458,1.652083,-12.570199,-0.011024,-0.009292,0.01187,-171.358551,-936.268615,3286.169677
0.474076,1.575465,-12.555834,-0.013554,-0.013553,0.007342,-170.998931,-937.347473,3285.129394
0.363937,1.637717,-12.555834,-0.020878,-0.020078,-0.003044,-170.998931,-937.347473,3285.129394
0.263376,1.723913,-12.570199,-0.021278,-0.020078,-0.012498,-170.998931,-937.347473,3285.129394
0.311262,1.762222,-12.618086,-0.015951,-0.010224,-0.022086,-170.998931,-937.347473,3285.129394
0.349571,1.757434,-12.560623,-0.000771,0.004424,0.002016,-170.279693,-937.347473,3286.863037
0.469287,1.589831,-12.589354,-0.003301,0.002959,0.01147,-170.279693,-937.347473,3286.863037
0.430978,1.589831,-12.570199,-0.004633,0.000162,0.008541,-170.279693,-937.347473,3286.863037
0.435767,1.637717,-12.517525,-0.007562,-0.004365,0.000818,-172.437408,-935.189758,3284.089355
0.397458,1.661661,-12.618086,-0.017283,-0.017814,0.006011,-172.437408,-935.189758,3284.089355
0.344783,1.723913,-12.53668,-0.016351,-0.012355,0.003081,-172.437408,-935.189758,3284.089355
0.349571,1.709547,-12.60851,-0.017017,-0.012754,-0.000115,-172.437408,-935.189758,3284.089355
0.363937,1.69997,-12.598932,-0.015552,-0.007428,0.012003,-169.920074,-935.908996,3286.169677
0.330417,1.695181,-12.565411,-0.018082,-0.009292,0.020792,-169.920074,-935.908996,3286.169677
0.344783,1.704759,-12.560623,-0.01968,-0.008759,0.015865,-169.920074,-935.908996,3286.169677
0.363937,1.69997,-12.541468,-0.020878,-0.00836,0.019194,-169.920074,-935.908996,3286.169677
0.344783,1.73349,-12.613298,-0.023408,-0.011955,0.019859,-169.740264,-935.369567,3285.649658
0.287319,1.709547,-12.579777,-0.022077,-0.010757,0.009207,-169.740264,-935.369567,3285.649658
0.306473,1.776588,-12.60372,-0.021011,-0.01089,0.002282,-169.740264,-935.369567,3285.649658
0.316051,1.819686,-12.574989,-0.01422,-0.003033,0.003348,-169.740264,-935.369567,3285.649658
0.301685,1.810109,-12.565411,-0.014486,-0.001302,0.011737,-171.897979,-936.448425,3284.956054
0.306473,1.762222,-12.594143,-0.012489,-0.004232,0.017995,-171.897979,-936.448425,3284.956054
0.296896,1.800531,-12.579777,-0.0041,0.003625,0.012802,-171.897979,-936.448425,3284.956054
0.306473,1.790954,-12.584566,-0.002369,0.005888,0.014666,-171.897979,-936.448425,3284.956054
0.373515,1.704759,-12.613298,-0.004499,0.005356,0.018395,-169.920074,-935.549377,3286.169677
0.311262,1.73349,-12.627664,-0.003035,0.006421,0.010938,-169.920074,-935.549377,3286.169677
0.335205,1.757434,-12.460061,-0.001037,0.010016,0.010538,-169.920074,-935.549377,3286.169677
0.344783,1.642506,-12.618086,-0.009293,-0.001968,0.010671,-169.920074,-935.549377,3286.169677
0.263376,1.786165,-12.555834,-0.005432,0.001894,-0.003843,-170.639312,-935.549377,3285.822998
0.359149,1.781377,-12.618086,-0.008894,-0.001169,-0.002112,-170.639312,-935.549377,3285.822998
0.373515,1.695181,-12.560623,-0.006097,0.003625,0.00894,-170.639312,-935.549377,3285.822998
0.301685,1.743068,-12.589354,-0.007163,-0.001569,0.00175,-170.639312,-935.549377,3285.822998
0.349571,1.790954,-12.60851,-0.007429,0.000029,-0.001313,-170.998931,-934.830139,3285.129394
0.311262,1.728702,-12.551045,-0.009027,0.000296,0.005345,-170.998931,-934.830139,3285.129394
0.344783,1.781377,-12.541468,-0.008095,0.000562,0.000418,-170.998931,-934.830139,3285.129394
0.287319,1.709547,-12.598932,-0.00703,0.000029,-0.003044,-170.099884,-934.650329,3284.956054
0.349571,1.752645,-12.522314,-0.007163,0.000562,-0.014496,-170.099884,-934.650329,3284.956054
0.320839,1.781377,-12.589354,-0.010359,-0.002501,-0.004109,-170.099884,-934.650329,3284.956054
0.330417,1.743068,-12.565411,-0.009826,-0.0029,0.000152,-169.380645,-936.088806,3285.302734
0.359149,1.714336,-12.60372,-0.008095,-0.003033,-0.003843,-169.380645,-936.088806,3285.302734
0.277742,1.781377,-12.527102,-0.008361,-0.003699,-0.004775,-169.380645,-936.088806,3285.302734
0.306473,1.810109,-12.60372,-0.010225,-0.006229,-0.004376,-169.380645,-936.088806,3285.302734
0.316051,1.709547,-12.541468,-0.010092,-0.002101,0.001617,-168.841217,-936.987854,3285.129394
0.320839,1.728702,-12.637241,-0.010092,-0.004498,-0.003177,-168.841217,-936.987854,3285.129394
0.263376,1.857995,-12.507947,-0.00663,0.002293,-0.000115,-168.841217,-936.987854,3285.129394
0.316051,1.767011,-12.632452,-0.008627,-0.003167,0.007609,-168.841217,-936.987854,3285.129394
0.320839,1.704759,-12.574989,-0.006097,-0.000503,0.010272,-168.841217,-936.987854,3285.129394
0.320839,1.752645,-12.565411,-0.007695,-0.003832,0.002815,-170.459503,-936.088806,3285.302734
0.316051,1.776588,-12.574989,-0.009426,-0.004232,0.002815,-170.459503,-936.088806,3285.302734
0.28253,1.757434,-12.555834,-0.009959,-0.003566,0.002016,-170.459503,-936.088806,3285.302734
0.292108,1.800531,-12.594143,-0.010891,-0.003699,0.002282,-170.459503,-936.088806,3285.302734
0.258587,1.776588,-12.555834,-0.009293,-0.001435,0.003614,-169.200836,-936.268615,3284.436035
0.268164,1.810109,-12.570199,-0.006763,0.000961,0.001217,-169.200836,-936.268615,3284.436035
0.229855,1.800531,-12.546257,-0.005964,0.002826,0.004812,-169.200836,-936.268615,3284.436035
0.311262,1.781377,-12.594143,-0.003967,0.00429,0.006144,-169.200836,-936.268615,3284.436035
0.296896,1.795743,-12.60372,-0.00117,0.006021,0.010272,-170.099884,-934.29071,3286.689697
0.263376,1.776588,-12.565411,0.000427,0.008285,0.009473,-170.099884,-934.29071,3286.689697
0.325628,1.762222,-12.560623,0.002159,0.009883,0.007342,-170.099884,-934.29071,3286.689697
0.316051,1.776588,-12.570199,0.002425,0.011747,0.002815,-170.099884,-934.29071,3286.689697
0.306473,1.767011,-12.560623,0.002425,0.011348,0.004413,-170.639312,-936.268615,3286.169677
0.311262,1.7718,-12.503159,0.003623,0.013345,0.003348,-170.639312,-936.268615,3286.169677
0.373515,1.747856,-12.632452,-0.001437,0.007886,0.000951,-170.639312,-936.268615,3286.169677
0.383092,1.723913,-12.598932,-0.000372,0.007886,0.010272,-169.560455,-936.628234,3284.436035
0.325628,1.728702,-12.546257,0.00096,0.007087,0.005079,-169.560455,-936.628234,3284.436035
0.363937,1.738279,-12.579777,-0.002236,0.00469,0.003214,-169.560455,-936.628234,3284.436035
0.287319,1.781377,-12.594143,-0.003434,0.005888,0.004413,-169.380645,-935.369567,3283.916015
0.268164,1.800531,-12.570199,-0.001969,0.005755,0.004147,-169.380645,-935.369567,3283.916015
0.316051,1.743068,-12.53189,-0.000372,0.008685,0.004413,-169.380645,-935.369567,3283.916015
0.301685,1.747856,-12.555834,0.001892,0.00722,0.001483,-169.380645,-935.369567,3283.916015
0.330417,1.747856,-12.627664,0.000427,0.008019,0.007209,-170.998931,-938.066711,3284.436035
0.306473,1.795743,-12.53189,0.004955,0.010948,0.008541,-170.998931,-938.066711,3284.436035
0.349571,1.7718,-12.546257,0.004422,0.009484,0.00934,-170.998931,-938.066711,3284.436035
0.316051,1.704759,-12.618086,0.004555,0.011082,0.01147,-170.998931,-938.066711,3284.436035
0.301685,1.747856,-12.570199,0.009083,0.014544,0.004147,-170.639312,-935.908996,3285.129394
0.359149,1.728702,-12.584566,0.006153,0.013345,0.003348,-170.639312,-935.908996,3285.129394
0.373515,1.704759,-12.555834,0.004689,0.010815,0.012003,-170.639312,-935.908996,3285.129394
0.363937,1.719124,-12.60372,0.005488,0.008685,0.011204,-170.639312,-935.908996,3285.129394
0.330417,1.714336,-12.594143,0.004023,0.010682,0.012269,-169.920074,-935.549377,3284.782714
0.35436,1.714336,-12.632452,0.003756,0.008019,0.014799,-169.920074,-935.549377,3284.782714
0.368726,1.723913,-12.53189,0.00349,0.011082,0.016397,-169.920074,-935.549377,3284.782714
0.416612,1.671238,-12.613298,0.001093,0.006554,0.013468,-169.920074,-935.549377,3284.782714
0.363937,1.695181,-12.53668,0.000827,0.007886,0.012802,-170.279693,-935.189758,3286.169677
0.373515,1.695181,-12.570199,-0.003567,0.003092,0.013335,-170.279693,-935.189758,3286.169677
0.383092,1.676027,-12.613298,-0.005831,0.002426,0.008275,-170.279693,-935.189758,3286.169677
0.344783,1.747856,-12.570199,-0.002768,0.003758,0.000019,-170.279693,-935.189758,3286.169677
0.35436,1.714336,-12.574989,-0.003168,0.003625,0.001483,-168.121978,-935.549377,3284.436035
0.349571,1.69997,-12.584566,-0.001037,0.002959,0.000418,-168.121978,-935.549377,3284.436035
0.397458,1.704759,-12.613298,-0.000771,0.004157,-0.001579,-168.121978,-935.549377,3284.436035
0.339994,1.69997,-12.565411,-0.000105,0.007619,0.004013,-168.121978,-935.549377,3284.436035
0.349571,1.719124,-12.551045,-0.000105,0.005888,0.002016,-168.121978,-935.549377,3284.436035
0.397458,1.661661,-12.594143,-0.001703,0.005755,-0.000248,-170.819122,-935.009948,3285.302734
0.373515,1.666449,-12.579777,-0.00117,0.005888,-0.001712,-170.819122,-935.009948,3285.302734
0.368726,1.747856,-12.598932,-0.00117,0.003092,0.003747,-169.560455,-936.987854,3285.476318
0.35436,1.690392,-12.551045,-0.001304,0.004157,0.008674,-169.560455,-936.987854,3285.476318
0.392669,1.637717,-12.632452,-0.003967,0.000429,0.004413,-169.560455,-936.987854,3285.476318
0.325628,1.738279,-12.527102,-0.000638,0.004557,0.000418,-169.560455,-936.987854,3285.476318
0.330417,1.743068,-12.579777,-0.001703,0.003891,-0.000913,-169.920074,-936.268615,3285.822998
0.430978,1.642506,-12.560623,-0.00157,0.005755,0.00388,-169.920074,-936.268615,3285.822998
0.407035,1.623351,-12.560623,-0.001969,0.003358,0.009207,-169.920074,-936.268615,3285.822998
0.330417,1.728702,-12.565411,-0.005165,0.000961,0.002682,-169.920074,-936.268615,3285.822998
0.363937,1.719124,-12.598932,-0.005032,0.001228,-0.000381,-170.639312,-935.908996,3286.169677
0.397458,1.656872,-12.60851,-0.006896,0.000162,0.003481,-170.639312,-935.908996,3286.169677
0.325628,1.714336,-12.570199,-0.006763,0.001095,-0.000913,-170.639312,-935.908996,3286.169677
0.330417,1.743068,-12.60372,-0.004899,0.000961,-0.002378,-170.639312,-935.908996,3286.169677
0.335205,1.714336,-12.589354,-0.00117,0.005888,0.007076,-170.279693,-935.189758,3285.822998
0.378303,1.69997,-12.555834,-0.00117,0.006021,0.011737,-170.279693,-935.189758,3285.822998
0.402246,1.656872,-12.598932,-0.002236,0.005489,0.007609,-170.279693,-935.189758,3285.822998
0.344783,1.695181,-12.579777,-0.002369,0.004956,0.002149,-170.279693,-935.189758,3285.822998
0.344783,1.743068,-12.60851,-0.000505,0.006288,0.004546,-169.560455,-935.189758,3286.516357
0.378303,1.690392,-12.594143,-0.000372,0.00935,0.009606,-169.560455,-935.189758,3286.516357
0.359149,1.661661,-12.565411,-0.000238,0.008418,0.004679,-169.560455,-935.189758,3286.516357
0.402246,1.671238,-12.589354,-0.002635,0.006687,0.005745,-169.560455,-935.189758,3286.516357
0.383092,1.685604,-12.570199,-0.001703,0.007619,0.008141,-170.819122,-935.369567,3285.302734
0.38788,1.671238,-12.646819,-0.0041,0.00216,0.000951,-170.819122,-935.369567,3285.302734
0.349571,1.743068,-12.594143,-0.00157,0.005089,0.000019,-170.819122,-935.369567,3285.302734
0.349571,1.69997,-12.574989,-0.001836,0.006687,0.007076,-170.819122,-935.369567,3285.302734
0.42619,1.623351,-12.579777,0.000028,0.010682,0.006277,-171.178741,-935.009948,3285.302734
0.397458,1.652083,-12.560623,-0.000505,0.008552,-0.001313,-171.178741,-935.009948,3285.302734
0.411824,1.685604,-12.579777,-0.006231,0.002959,0.000152,-171.178741,-935.009948,3285.302734
0.363937,1.7718,-12.579777,-0.005698,-0.000637,0.016797,-170.998931,-934.830139,3284.436035
0.349571,1.709547,-12.570199,-0.004766,0.000562,0.019859,-170.998931,-934.830139,3284.436035
0.416612,1.632929,-12.555834,-0.000238,0.001894,0.014267,-170.998931,-934.830139,3284.436035
0.368726,1.671238,-12.574989,-0.001037,0.000429,0.01653,-170.998931,-934.830139,3284.436035
0.407035,1.666449,-12.551045,-0.003035,-0.00077,0.013068,-170.279693,-935.189758,3284.782714
0.330417,1.613774,-12.565411,-0.004366,0.003225,-0.025015,-170.279693,-935.189758,3284.782714
0.397458,1.810109,-12.53189,-0.000238,0.003491,-0.030076,-170.279693,-935.189758,3284.782714
0.402246,1.666449,-12.627664,-0.005831,0.000429,0.006543,-170.279693,-935.189758,3284.782714
0.42619,1.608985,-12.642029,-0.003567,0.001494,0.002948,-169.920074,-935.189758,3286.169677
0.435767,1.728702,-12.551045,-0.002902,-0.000903,-0.006107,-169.920074,-935.189758,3286.169677
0.474076,1.719124,-12.60372,-0.005831,-0.009159,0.004413,-169.920074,-935.189758,3286.169677
0.402246,1.623351,-12.541468,-0.006364,-0.014751,0.012003,-169.920074,-935.189758,3286.169677
0.344783,1.652083,-12.618086,-0.007962,-0.020078,0.002948,-169.200836,-935.189758,3284.436035
0.311262,1.776588,-12.579777,0.001493,-0.010757,-0.007838,-169.200836,-935.189758,3284.436035
0.330417,1.685604,-12.555834,-0.000238,-0.007827,-0.001313,-169.200836,-935.189758,3284.436035
0.311262,1.671238,-12.584566,0.003091,-0.001569,-0.000115,-169.200836,-935.189758,3284.436035
0.316051,1.656872,-12.53668,0.001759,0.000695,0.004946,-170.819122,-935.369567,3285.996337
0.311262,1.652083,-12.60372,-0.004766,0.002826,0.021857,-170.819122,-935.369567,3285.996337
0.368726,1.618563,-12.560623,-0.008095,0.005888,0.020392,-170.819122,-935.369567,3285.996337
0.316051,1.618563,-12.579777,-0.009027,0.006954,0.01147,-170.819122,-935.369567,3285.996337
0.383092,1.747856,-12.60851,-0.006364,0.00722,-0.006107,-170.279693,-936.987854,3287.20996
0.368726,1.738279,-12.555834,-0.004499,0.006954,0.000684,-170.279693,-936.987854,3287.20996
0.383092,1.685604,-12.646819,-0.000372,0.003758,0.000019,-170.279693,-936.987854,3287.20996
0.359149,1.719124,-12.60851,0.004422,0.006155,-0.004908,-170.279693,-936.987854,3287.20996
0.349571,1.704759,-12.594143,0.007085,0.007087,0.003081,-169.021026,-935.729187,3284.609375
0.407035,1.541944,-12.574989,0.001226,0.006021,0.009074,-169.021026,-935.729187,3284.609375
0.392669,1.52279,-12.584566,-0.002502,0.002027,0.004812,-169.021026,-935.729187,3284.609375
0.335205,1.59462,-12.570199,-0.013155,-0.00037,0.000285,-169.021026,-935.729187,3284.609375
0.435767,1.599408,-12.574989,-0.036058,-0.014618,-0.004242,-169.021026,-935.729187,3284.609375
0.311262,1.723913,-12.53189,-0.033928,-0.017015,-0.006373,-169.021026,-935.729187,3284.609375
0.311262,1.872361,-12.67555,-0.029134,-0.021409,-0.009169,-169.021026,-935.729187,3284.609375
0.263376,1.929825,-12.656395,-0.018481,-0.013686,-0.010767,-168.841217,-934.47052,3285.129394
0.296896,1.857995,-12.627664,0.000427,-0.004099,-0.002645,-168.841217,-934.47052,3285.129394
0.205912,1.690392,-12.517525,0.01361,0.013079,0.00681,-168.841217,-934.47052,3285.129394
0.258587,1.642506,-12.512736,0.014276,0.015476,0.005878,-168.841217,-934.47052,3285.129394
0.411824,1.623351,-12.598932,0.008018,0.013478,0.002948,-169.920074,-935.549377,3285.476318
0.378303,1.59462,-12.493581,0.004555,0.011082,0.002682,-169.920074,-935.549377,3285.476318
0.416612,1.671238,-12.584566,-0.002103,-0.001036,0.003747,-169.920074,-935.549377,3285.476318
0.397458,1.656872,-12.53189,-0.002768,-0.003033,0.002815,-169.920074,-935.549377,3285.476318
0.378303,1.704759,-12.594143,-0.001037,-0.011422,-0.016626,-169.740264,-935.369567,3285.649658
0.330417,1.752645,-12.584566,-0.000505,-0.016349,-0.01929,-169.740264,-935.369567,3285.649658
0.35436,1.704759,-12.555834,-0.000505,-0.015817,-0.006773,-169.740264,-935.369567,3285.649658
0.296896,1.642506,-12.60372,-0.002768,-0.017814,-0.003044,-169.740264,-935.369567,3285.649658
0.244221,1.714336,-12.579777,0.000028,-0.014086,-0.011167,-170.279693,-934.830139,3286.169677
0.325628,1.647295,-12.584566,-0.005032,-0.013953,0.00894,-170.279693,-934.830139,3286.169677
0.272953,1.585042,-12.589354,-0.00703,-0.011156,0.01187,-170.279693,-934.830139,3286.169677
0.263376,1.680815,-12.60851,-0.007962,-0.008493,-0.003444,-170.279693,-934.830139,3286.169677
0.258587,1.709547,-12.598932,-0.007695,-0.005963,0.000951,-169.021026,-935.729187,3287.3833
0.2107,1.695181,-12.574989,-0.011956,-0.000903,0.013201,-169.021026,-935.729187,3287.3833
0.28253,1.680815,-12.651607,-0.009959,0.005223,0.002149,-169.021026,-935.729187,3287.3833
0.28253,1.73349,-12.613298,-0.005165,0.010948,-0.001846,-169.021026,-935.729187,3287.3833
0.296896,1.690392,-12.60851,-0.007962,0.008285,0.014533,-169.920074,-935.189758,3286.516357
0.359149,1.637717,-12.60851,-0.008627,0.007486,0.019194,-169.920074,-935.189758,3286.516357
0.359149,1.637717,-12.527102,-0.010225,0.005223,0.011204,-169.920074,-935.189758,3286.516357
0.35436,1.59462,-12.574989,-0.015152,0.000429,0.009074,-169.920074,-935.189758,3286.516357
0.339994,1.704759,-12.565411,-0.01928,-0.006629,0.00428,-170.459503,-936.088806,3285.996337
0.263376,1.661661,-12.570199,-0.022876,-0.010224,0.001084,-170.459503,-936.088806,3285.996337
0.311262,1.637717,-12.589354,-0.020745,-0.001835,0.009606,-169.021026,-936.448425,3285.996337
0.258587,1.671238,-12.546257,-0.020745,-0.003566,0.005345,-169.021026,-936.448425,3285.996337
0.292108,1.824475,-12.574989,-0.019813,-0.002767,0.014267,-169.021026,-936.448425,3285.996337
0.268164,1.747856,-12.565411,-0.021011,-0.00037,0.019726,-169.021026,-936.448425,3285.996337
0.258587,1.704759,-12.584566,-0.018348,0.001627,0.018262,-169.021026,-936.448425,3285.996337
0.287319,1.752645,-12.570199,-0.017949,0.001361,0.015332,-170.998931,-936.268615,3284.782714
0.263376,1.752645,-12.522314,-0.015951,0.002959,0.017329,-170.998931,-936.268615,3284.782714
0.378303,1.704759,-12.594143,-0.018082,-0.002234,0.027849,-170.998931,-936.268615,3284.782714
0.277742,1.671238,-12.60372,-0.01928,-0.001569,0.030246,-170.998931,-936.268615,3284.782714
0.320839,1.886727,-12.570199,-0.015419,-0.004898,0.019327,-169.021026,-935.369567,3285.996337
0.287319,1.73349,-12.594143,-0.017416,-0.004764,0.030912,-169.021026,-935.369567,3285.996337
0.244221,1.541944,-12.642029,-0.015951,0.000296,-0.014762,-169.021026,-935.369567,3285.996337
0.292108,1.62814,-12.584566,-0.014486,0.003758,-0.053112,-169.021026,-935.369567,3285.996337
0.301685,1.944191,-12.541468,-0.010492,0.002293,-0.073885,-168.841217,-935.549377,3287.90332
0.311262,1.929825,-12.589354,-0.010092,0.002692,-0.048984,-168.841217,-935.549377,3287.90332
0.28253,1.618563,-12.574989,-0.014087,-0.002767,-0.004509,-168.841217,-935.549377,3287.90332
0.229855,1.929825,-12.488793,-0.006364,0.000296,-0.040861,-168.841217,-935.549377,3287.90332
0.28253,1.843629,-12.570199,-0.008095,0.001095,-0.024083,-169.920074,-935.908996,3285.822998
0.17718,1.671238,-12.622875,-0.008494,0.007753,-0.007705,-169.920074,-935.908996,3285.822998
0.100562,1.647295,-12.53189,-0.008095,0.013612,-0.025948,-169.920074,-935.908996,3285.822998
0.316051,1.838841,-12.589354,-0.0041,0.017473,-0.082407,-169.920074,-935.908996,3285.822998
0.325628,1.934614,-12.584566,-0.003567,0.019071,-0.074418,-168.121978,-934.47052,3285.476318
0.296896,1.786165,-12.560623,-0.007163,0.013878,-0.002112,-168.121978,-934.47052,3285.476318
0.311262,1.532367,-12.551045,-0.011024,0.010016,-0.020222,-168.121978,-934.47052,3285.476318
0.311262,1.676027,-12.642029,-0.014753,0.005223,-0.046055,-168.121978,-934.47052,3285.476318
0.225066,1.977711,-12.546257,-0.016218,0.006021,-0.02182,-169.380645,-937.167663,3285.302734
0.244221,1.944191,-12.555834,-0.015552,0.005622,0.002149,-169.380645,-937.167663,3285.302734
0.253798,1.714336,-12.53189,-0.00916,0.017606,0.022256,-169.380645,-937.167663,3285.302734
0.253798,1.762222,-12.670762,-0.016084,0.002426,0.033309,-169.380645,-936.808044,3287.036621
0.239432,1.872361,-12.594143,-0.012622,0.006021,0.022656,-169.380645,-936.808044,3287.036621
0.306473,1.790954,-12.651607,-0.011424,0.006155,0.013468,-169.380645,-936.808044,3287.036621
0.292108,1.661661,-12.493581,-0.01675,0.011481,0.007209,-169.200836,-935.908996,3286.169677
0.220278,1.743068,-12.594143,-0.015419,0.004424,0.004013,-169.200836,-935.908996,3286.169677
0.330417,1.819686,-12.512736,-0.017682,0.008818,-0.002378,-169.200836,-935.908996,3286.169677
0.344783,1.781377,-12.584566,-0.018348,0.004823,0.003348,-169.200836,-935.908996,3286.169677
0.349571,1.829263,-12.507947,-0.018881,0.004024,0.020658,-169.200836,-935.908996,3286.169677
0.301685,1.848418,-12.512736,-0.02221,-0.000104,0.030113,-170.099884,-936.448425,3286.689697
0.306473,1.786165,-12.570199,-0.023541,-0.003966,0.037703,-170.099884,-936.448425,3286.689697
0.272953,1.881938,-12.541468,-0.021411,-0.000503,0.039567,-170.099884,-936.448425,3286.689697
0.373515,1.905882,-12.507947,-0.023675,-0.001302,0.048755,-170.099884,-936.448425,3286.689697
0.277742,1.518001,-12.622875,-0.034194,-0.006762,0.062471,-168.841217,-935.549377,3285.822998
0.201123,1.513213,-12.584566,-0.034993,-0.003966,0.033442,-168.841217,-935.549377,3285.822998
0.339994,1.814897,-12.541468,-0.038722,-0.007028,-0.038598,-168.841217,-935.549377,3285.822998
0.363937,1.934614,-12.517525,-0.041385,-0.009825,-0.043125,-168.841217,-935.549377,3285.822998
0.272953,1.934614,-12.598932,-0.04032,-0.012621,-0.033804,-169.021026,-936.808044,3286.343017
0.244221,2.044752,-12.555834,-0.026604,-0.004631,-0.022885,-169.021026,-936.808044,3286.343017
0.28253,2.059118,-12.517525,-0.02474,-0.004498,-0.013963,-169.021026,-936.808044,3286.343017
0.24901,1.948979,-12.555834,-0.017949,-0.004764,0.009074,-169.021026,-936.808044,3286.343017
0.229855,1.944191,-12.517525,-0.014087,-0.000237,0.0144,-168.661407,-937.167663,3286.343017
0.287319,1.905882,-12.598932,-0.01169,0.000296,0.007076,-168.661407,-937.167663,3286.343017
0.287319,1.872361,-12.551045,-0.009826,0.001627,0.006543,-168.661407,-937.167663,3286.343017
0.234644,1.939402,-12.541468,-0.009293,0.00216,0.006943,-168.661407,-937.167663,3286.343017
0.277742,1.948979,-12.594143,-0.009293,0.005356,0.004413,-169.200836,-936.987854,3284.089355
0.311262,1.905882,-12.479215,-0.004366,0.008818,0.015066,-169.200836,-936.987854,3284.089355
0.292108,1.886727,-12.541468,-0.010092,0.000162,0.010006,-169.200836,-936.987854,3284.089355
0.292108,1.915459,-12.541468,-0.009027,0.000029,0.005878,-169.200836,-936.987854,3284.089355
0.287319,1.968134,-12.53668,-0.000904,0.009217,0.022523,-170.639312,-936.628234,3285.476318
0.229855,1.824475,-12.541468,0.002824,0.011215,0.020792,-170.639312,-936.628234,3285.476318
0.292108,1.881938,-12.527102,0.003357,0.013212,0.007209,-170.639312,-936.628234,3285.476318
0.316051,1.834052,-12.53668,-0.002902,0.010283,0.008008,-169.021026,-937.167663,3286.343017
0.311262,1.953768,-12.565411,-0.004233,0.007353,0.00428,-169.021026,-937.167663,3286.343017
0.35436,1.925036,-12.551045,-0.005432,0.009617,0.009739,-169.021026,-937.167663,3286.343017
0.258587,1.881938,-12.53668,-0.004766,0.007619,0.019993,-169.560455,-936.628234,3285.129394
0.28253,1.87715,-12.527102,-0.005032,0.008818,0.013068,-169.560455,-936.628234,3285.129394
0.325628,1.857995,-12.598932,-0.00663,0.007886,0.004013,-169.560455,-936.628234,3285.129394
0.325628,1.857995,-12.522314,-0.005698,0.010283,0.003747,-169.560455,-936.628234,3285.129394
0.301685,1.843629,-12.565411,-0.012622,0.002293,0.004013,-169.560455,-936.628234,3285.129394
0.306473,1.920248,-12.637241,-0.010225,0.001361,-0.003044,-170.099884,-935.369567,3284.609375
0.24901,2.020809,-12.46485,-0.003168,0.007753,0.006011,-170.099884,-935.369567,3284.609375
0.258587,1.9825,-12.584566,-0.003834,0.004956,0.012136,-170.099884,-935.369567,3284.609375
0.306473,1.963345,-12.493581,0.00855,0.016807,0.01147,-170.099884,-935.369567,3284.609375
0.277742,1.948979,-12.546257,0.009882,0.016408,0.014933,-169.021026,-935.729187,3286.689697
0.339994,1.862784,-12.555834,0.012279,0.018272,0.021324,-169.021026,-935.729187,3286.689697
0.287319,1.867572,-12.498371,0.012146,0.018672,0.021058,-169.021026,-935.729187,3286.689697
0.349571,1.901093,-12.560623,0.012678,0.014411,0.013601,-169.021026,-935.729187,3286.689697
0.311262,1.800531,-12.555834,0.010548,0.010016,0.020392,-168.841217,-935.549377,3285.822998
0.330417,1.824475,-12.541468,0.009216,0.008685,0.012935,-168.841217,-935.549377,3285.822998
0.378303,1.853207,-12.565411,0.00855,0.008152,0.007342,-168.841217,-935.549377,3285.822998
0.35436,1.814897,-12.579777,0.005488,0.00722,0.015465,-168.841217,-935.549377,3285.822998
0.363937,1.824475,-12.546257,0.005887,0.006687,0.008141,-169.200836,-936.268615,3284.436035
0.349571,1.867572,-12.546257,0.005488,0.006554,0.002282,-169.200836,-936.268615,3284.436035
0.316051,1.867572,-12.53189,0.003357,0.004424,0.014533,-169.200836,-936.268615,3284.436035
0.320839,1.838841,-12.498371,0.003756,0.005089,0.015865,-169.200836,-936.268615,3284.436035
0.363937,1.867572,-12.60851,0.004822,0.004424,0.006144,-169.560455,-936.628234,3286.169677
0.349571,1.901093,-12.541468,0.006153,0.008152,0.007342,-169.560455,-936.628234,3286.169677
0.325628,1.886727,-12.541468,0.010681,0.009084,0.00934,-169.560455,-936.628234,3286.169677
0.363937,1.862784,-12.60372,0.009216,0.00935,0.016797,-170.459503,-935.729187,3285.649658
0.38788,1.695181,-12.565411,0.008417,0.01228,0.022123,-170.459503,-935.729187,3285.649658
0.368726,1.743068,-12.565411,0.007085,0.008285,0.009207,-170.459503,-935.729187,3285.649658
0.392669,1.87715,-12.541468,0.004822,0.005755,0.001617,-170.459503,-935.729187,3285.649658
0.349571,1.843629,-12.574989,0.003756,0.004823,0.0144,-170.459503,-937.167663,3285.649658
0.339994,1.790954,-12.53668,0.004689,0.007753,0.016264,-170.459503,-937.167663,3285.649658
0.363937,1.834052,-12.541468,0.005488,0.007087,0.008008,-170.459503,-937.167663,3285.649658
0.38788,1.814897,-12.570199,0.006819,0.006954,0.016797,-170.459503,-937.167663,3285.649658
0.335205,1.810109,-12.579777,0.010281,0.010149,0.015865,-168.841217,-936.268615,3286.516357
0.335205,1.829263,-12.53189,0.013743,0.010549,0.008674,-168.841217,-936.268615,3286.516357
0.430978,1.810109,-12.565411,0.014276,0.008285,0.008141,-168.841217,-936.268615,3286.516357
0.402246,1.786165,-12.560623,0.015608,0.008285,0.011337,-168.841217,-936.268615,3286.516357
0.373515,1.829263,-12.598932,0.019336,0.004424,0.00681,-169.200836,-936.268615,3286.863037
0.349571,1.838841,-12.551045,0.024796,0.008685,0.000818,-169.200836,-936.268615,3286.863037
0.402246,1.87715,-12.551045,0.030388,0.009217,0.008541,-169.200836,-936.268615,3286.863037
0.359149,1.714336,-12.642029,0.032519,0.007753,0.023455,-169.200836,-936.268615,3286.863037
0.378303,1.719124,-12.474427,0.041574,0.019204,0.004013,-169.560455,-936.268615,3285.476318
0.474076,1.623351,-12.53668,0.038378,0.015343,0.000818,-169.560455,-936.268615,3285.476318
0.445344,1.685604,-12.598932,0.038378,0.009883,-0.019822,-169.560455,-936.268615,3285.476318
0.42619,1.795743,-12.53189,0.039843,0.009217,-0.01929,-169.560455,-936.268615,3285.476318
0.498019,1.977711,-12.60851,0.039843,-0.000104,0.018927,-170.459503,-935.729187,3285.302734
0.339994,1.896304,-12.570199,0.044104,-0.000637,0.056612,-170.459503,-935.729187,3285.302734
0.277742,1.618563,-12.67555,0.054624,0.004424,0.068596,-170.459503,-935.729187,3285.302734
0.330417,1.781377,-12.527102,0.074464,0.021468,0.017329,-170.459503,-935.729187,3285.302734
0.35436,1.719124,-12.60851,0.068872,0.022667,0.033442,-168.121978,-934.830139,3285.476318
0.2107,1.192373,-12.699493,0.063545,0.03758,0.030779,-168.121978,-934.830139,3285.476318
0.660833,1.331244,-12.551045,0.018005,0.03505,-0.056974,-170.279693,-934.47052,3287.20996
0.675199,1.312089,-12.60372,-0.004899,0.016275,-0.033138,-170.279693,-934.47052,3287.20996
0.507597,1.249837,-12.503159,-0.040453,-0.007561,-0.015827,-170.279693,-934.47052,3287.20996
0.464499,1.403074,-12.594143,-0.06309,-0.019146,-0.043125,-170.279693,-934.47052,3287.20996
0.512385,1.489269,-12.498371,-0.069082,-0.018879,-0.048585,-170.279693,-934.47052,3287.20996
0.373515,1.652083,-12.670762,-0.079469,-0.029,-0.051514,-169.560455,-935.549377,3285.822998
0.383092,1.723913,-12.651607,-0.079202,-0.02394,-0.048452,-169.560455,-935.549377,3285.822998
0.368726,1.704759,-12.560623,-0.077072,-0.01848,-0.035668,-169.560455,-935.549377,3285.822998
0.344783,1.714336,-12.574989,-0.072278,-0.010757,-0.037532,-170.099884,-935.369567,3286.343017
0.325628,1.757434,-12.579777,-0.068416,-0.009958,-0.02941,-170.099884,-935.369567,3286.343017
0.335205,1.848418,-12.632452,-0.062824,-0.003033,-0.003044,-170.099884,-935.369567,3286.343017
0.325628,1.862784,-12.622875,-0.056299,0.002426,0.002948,-170.099884,-935.369567,3286.343017
0.325628,1.800531,-12.574989,-0.043249,0.011614,-0.003444,-170.459503,-935.729187,3284.956054
0.349571,1.80532,-12.594143,-0.033662,0.014411,-0.0113,-170.459503,-935.729187,3284.956054
0.383092,1.939402,-12.613298,-0.019147,0.020136,-0.028344,-170.459503,-935.729187,3284.956054
0.35436,1.915459,-12.517525,-0.010225,0.027593,0.012269,-170.459503,-935.729187,3284.956054
0.38788,1.814897,-12.570199,-0.004633,0.02746,0.026517,-170.459503,-935.729187,3284.956054
0.430978,1.7718,-12.551045,0.003623,0.030789,0.016397,-169.740264,-935.009948,3285.996337
0.435767,1.714336,-12.579777,0.005221,0.030922,0.014134,-169.740264,-935.009948,3285.996337
0.502808,1.723913,-12.555834,0.00642,0.027727,0.007742,-169.740264,-935.009948,3285.996337
0.45971,1.666449,-12.570199,0.002292,0.025729,0.010139,-170.639312,-936.987854,3285.996337
0.488442,1.676027,-12.527102,-0.001969,0.023599,0.002948,-170.639312,-936.987854,3285.476318
0.560272,1.680815,-12.632452,-0.010092,0.013745,0.010405,-170.639312,-936.987854,3285.476318
0.478865,1.757434,-12.570199,-0.010758,0.013212,0.01946,-170.639312,-936.987854,3285.476318
0.421401,1.867572,-12.53668,-0.013954,0.010416,0.022789,-169.740264,-935.729187,3286.689697
0.42619,1.968134,-12.709071,-0.00916,0.011881,0.026251,-169.740264,-935.729187,3286.689697
0.349571,1.87715,-12.469638,0.004555,0.034917,0.071526,-169.740264,-935.729187,3286.689697
0.526751,1.427017,-12.646819,-0.002635,0.03292,0.074588,-169.740264,-935.729187,3286.689697
0.56506,1.316878,-12.589354,-0.005565,0.041309,0.045693,-169.740264,-935.729187,3286.689697
0.608158,1.618563,-12.488793,-0.072944,0.002426,0.017196,-170.279693,-936.628234,3286.516357
0.483653,1.963345,-12.574989,-0.083197,-0.006229,0.0144,-170.279693,-936.628234,3286.516357
0.392669,2.001655,-12.546257,-0.077871,0.001228,0.049554,-170.819122,-937.886901,3285.996337
0.407035,1.934614,-12.53189,-0.071346,0.004956,0.055813,-170.819122,-937.886901,3285.996337
0.498019,1.862784,-12.632452,-0.059495,0.016142,0.037437,-170.819122,-937.886901,3285.996337
0.526751,1.939402,-12.560623,-0.053636,0.020136,0.030113,-170.819122,-937.886901,3285.996337
0.555483,2.001655,-12.484004,-0.054168,0.01521,0.040366,-168.841217,-936.268615,3285.129394
0.560272,1.838841,-12.565411,-0.055899,0.011614,0.061405,-168.841217,-936.268615,3285.129394
0.498019,1.896304,-12.53189,-0.049907,0.011348,0.053948,-168.841217,-936.268615,3285.129394
0.569849,1.920248,-12.507947,-0.044847,0.012546,0.020126,-168.841217,-936.268615,3285.129394
0.622524,1.905882,-12.632452,-0.043782,0.00935,0.011604,-169.560455,-935.908996,3285.476318
0.517174,2.016021,-12.503159,-0.037923,0.012813,0.003214,-169.560455,-935.908996,3285.476318
0.53154,2.154891,-12.484004,-0.032996,0.009617,-0.004109,-169.560455,-935.908996,3285.476318
0.478865,2.145314,-12.560623,-0.029267,0.016807,0.024121,-169.560455,-935.908996,3285.476318
0.38788,2.097428,-12.53668,-0.016351,0.033719,0.051685,-170.639312,-937.347473,3286.863037
0.488442,2.102216,-12.455272,-0.007163,0.040244,0.049288,-170.639312,-937.347473,3286.863037
0.488442,2.073484,-12.589354,0.007352,0.054092,0.026917,-170.639312,-937.347473,3286.863037
0.53154,2.150103,-12.527102,0.018804,0.065544,0.020658,-170.639312,-937.347473,3286.863037
0.665622,2.049541,-12.560623,0.02666,0.070737,0.055413,-172.257598,-936.448425,3286.689697
0.689565,1.91067,-12.440906,0.036913,0.076463,0.058343,-172.257598,-936.448425,3286.689697
0.737452,1.896304,-12.469638,0.035182,0.071137,0.036371,-172.257598,-936.448425,3286.689697
0.890688,1.867572,-12.579777,0.035582,0.06115,0.01693,-172.257598,-936.448425,3286.689697
0.81407,1.872361,-12.517525,0.037712,0.05862,0.008008,-170.819122,-934.650329,3283.916015
0.81407,1.905882,-12.507947,0.038378,0.047301,-0.019023,-170.819122,-934.650329,3283.916015
0.799704,1.948979,-12.479215,0.041441,0.04557,-0.026214,-170.819122,-934.650329,3283.916015
0.938575,1.862784,-12.541468,0.040775,0.030523,-0.026081,-170.819122,-934.650329,3283.916015
0.895477,1.676027,-12.565411,0.03425,0.019071,-0.020089,-171.53836,-936.808044,3285.649658
0.881111,1.757434,-12.551045,0.03172,0.013345,-0.025548,-171.53836,-936.808044,3285.649658
0.890688,1.786165,-12.460061,0.016273,-0.025671,-0.037266,-171.53836,-936.808044,3285.649658
0.909843,1.714336,-12.445695,0.006153,-0.04884,-0.030076,-171.358551,-935.189758,3284.436035
0.838013,1.599408,-12.53189,-0.008095,-0.075606,-0.06017,-171.358551,-935.189758,3284.436035
0.828436,1.752645,-12.60372,-0.012223,-0.086258,-0.082141,-171.358551,-935.189758,3284.436035
0.660833,2.097428,-12.598932,0.00349,-0.06988,-0.045655,-170.819122,-937.167663,3287.72998
0.584215,1.9825,-12.416963,0.002159,-0.06695,-0.015694,-170.819122,-937.167663,3287.72998
0.651256,1.723913,-12.584566,0.002558,-0.075073,-0.023684,-170.819122,-937.167663,3287.72998
0.627313,1.714336,-12.555834,0.002957,-0.070945,-0.045522,-170.819122,-937.167663,3287.72998
0.526751,1.91067,-12.651607,0.001626,-0.076138,-0.045522,-170.819122,-937.167663,3287.72998
0.464499,1.87715,-12.53668,0.006286,-0.062556,-0.012099,-170.279693,-935.189758,3285.822998
0.488442,1.857995,-12.484004,0.011347,-0.060559,-0.020222,-170.279693,-935.189758,3285.822998
0.589004,1.738279,-12.565411,0.006286,-0.063355,-0.034204,-170.279693,-935.189758,3285.822998
0.493231,1.810109,-12.618086,0.007219,-0.060026,-0.031407,-170.279693,-935.189758,3285.822998
0.296896,1.91067,-12.60372,0.014276,-0.045245,-0.017825,-168.481597,-936.628234,3285.822998
0.268164,1.958557,-12.618086,0.017472,-0.036057,-0.012498,-168.481597,-936.628234,3285.822998
0.368726,1.925036,-12.555834,0.02959,-0.014618,0.012136,-168.481597,-936.628234,3285.822998
0.416612,1.575465,-12.53189,0.022266,-0.014219,0.021324,-170.639312,-935.549377,3287.20996
0.402246,1.62814,-12.570199,0.020535,-0.014885,0.003348,-170.639312,-935.549377,3287.20996
0.488442,1.719124,-12.546257,0.014276,-0.01302,-0.00837,-170.639312,-935.549377,3287.20996
0.464499,1.738279,-12.53668,0.009749,-0.016483,-0.001846,-170.639312,-935.549377,3287.20996
0.378303,1.767011,-12.574989,0.002691,-0.021276,0.014,-170.639312,-935.549377,3287.20996
0.344783,1.767011,-12.613298,0.003224,-0.013686,0.016264,-169.560455,-936.268615,3287.20996
0.373515,1.714336,-12.642029,0.005354,-0.00796,0.01147,-169.560455,-936.268615,3287.20996
0.411824,1.824475,-12.546257,0.004689,-0.002368,0.014533,-169.560455,-936.268615,3287.20996
0.483653,1.728702,-12.555834,0.000561,-0.004365,0.030246,-169.560455,-936.268615,3287.20996
0.421401,1.575465,-12.637241,-0.00663,-0.009425,0.037703,-168.841217,-935.908996,3287.20996
0.42619,1.685604,-12.522314,-0.01209,-0.008093,0.01187,-168.841217,-935.908996,3287.20996
0.378303,1.767011,-12.60372,-0.016218,-0.01302,0.008541,-168.841217,-935.908996,3287.20996
0.483653,1.613774,-12.574989,-0.020878,-0.011156,0.012536,-170.459503,-936.448425,3285.996337
0.407035,1.790954,-12.503159,-0.02474,-0.018347,0.003214,-170.459503,-936.448425,3285.996337
0.373515,1.800531,-12.570199,-0.028202,-0.023407,0.006677,-170.459503,-936.448425,3285.996337
0.378303,1.743068,-12.579777,-0.025938,-0.017282,0.00934,-170.459503,-936.808044,3286.343017
0.363937,1.776588,-12.579777,-0.027536,-0.021276,0.010938,-170.459503,-936.808044,3286.343017
0.335205,1.790954,-12.555834,-0.028868,-0.021143,0.011204,-170.459503,-936.808044,3286.343017
0.306473,1.848418,-12.598932,-0.030333,-0.022208,0.010805,-170.459503,-936.808044,3286.343017
0.306473,1.925036,-12.618086,-0.028202,-0.019412,0.017596,-167.942169,-935.369567,3287.036621
0.373515,1.953768,-12.541468,-0.028468,-0.017415,0.05528,-167.942169,-935.369567,3287.036621
0.330417,1.709547,-12.60372,-0.033528,-0.019812,0.088171,-167.942169,-935.369567,3287.036621
0.277742,1.59462,-12.53189,-0.03233,-0.017015,0.071126,-167.942169,-935.369567,3287.036621
0.277742,1.853207,-12.594143,-0.031265,-0.017947,0.003214,-169.021026,-936.088806,3283.916015
0.306473,2.006443,-12.651607,-0.029667,-0.016349,-0.006506,-169.021026,-936.088806,3283.916015
0.268164,1.948979,-12.565411,-0.021943,-0.004232,0.028115,-169.021026,-936.088806,3283.916015
0.28253,1.834052,-12.546257,-0.014353,0.002027,0.021724,-169.021026,-936.088806,3283.916015
0.368726,1.838841,-12.589354,-0.007562,0.002959,-0.005574,-171.178741,-936.448425,3287.036621
0.325628,1.963345,-12.522314,-0.009959,0.000961,0.017063,-171.178741,-936.448425,3287.036621
0.292108,1.838841,-12.517525,-0.010625,0.000429,0.030246,-171.178741,-936.448425,3287.036621
0.320839,1.867572,-12.53668,-0.000505,0.005089,0.004946,-171.178741,-936.448425,3287.036621
0.306473,1.867572,-12.503159,0.00136,0.008152,-0.005308,-169.021026,-936.448425,3285.996337
0.35436,1.786165,-12.541468,-0.000372,0.003491,-0.005974,-169.021026,-936.448425,3285.996337
0.383092,1.73349,-12.541468,-0.002369,0.001361,-0.01383,-169.021026,-936.448425,3285.996337
0.373515,1.767011,-12.67555,-0.007429,-0.006895,-0.039397,-169.021026,-936.448425,3285.996337
0.17718,2.140525,-12.445695,-0.000105,-0.000104,-0.017958,-169.560455,-936.268615,3287.90332
0.143659,1.953768,-12.369076,-0.003035,0.005622,0.007209,-169.560455,-936.268615,3287.90332
0.397458,1.757434,-12.694705,0.005354,0.010283,-0.021553,-169.560455,-936.268615,3287.90332
0.368726,1.790954,-12.503159,0.010814,0.022533,-0.047253,-169.560455,-936.268615,3287.90332
0.392669,1.905882,-12.512736,0.007884,0.002959,-0.052846,-168.121978,-937.347473,3287.20996
0.330417,1.872361,-12.594143,0.007751,-0.006762,-0.041927,-168.121978,-937.347473,3287.20996
0.339994,1.829263,-12.53668,0.010414,-0.003832,-0.066961,-168.121978,-935.908996,3285.129394
0.373515,1.814897,-12.594143,0.004822,-0.007161,-0.05218,-168.121978,-935.908996,3285.129394
0.220278,1.80532,-12.555834,-0.000105,-0.010357,-0.022352,-168.121978,-935.908996,3285.129394
0.186757,1.795743,-12.560623,-0.002768,-0.010091,-0.030076,-168.121978,-935.908996,3285.129394
0.220278,1.685604,-12.527102,-0.006763,-0.000637,-0.045389,-168.121978,-935.908996,3285.129394
0.320839,1.829263,-12.574989,-0.012622,0.000828,-0.050982,-169.200836,-936.268615,3288.25
0.234644,1.814897,-12.507947,-0.014886,0.003891,-0.046321,-169.200836,-936.268615,3288.25
0.24901,1.829263,-12.670762,-0.022876,-0.001569,-0.045788,-169.200836,-936.268615,3288.25
0.263376,1.795743,-12.627664,-0.024473,0.004157,-0.03913,-169.200836,-936.268615,3288.25
0.167603,1.901093,-12.551045,-0.020745,0.008552,-0.042593,-169.920074,-936.268615,3286.863037
0.244221,1.958557,-12.60372,-0.021278,0.007753,-0.048452,-169.920074,-936.268615,3286.863037
0.253798,1.709547,-12.560623,-0.026205,0.01268,-0.030475,-169.920074,-936.268615,3286.863037
0.28253,1.786165,-12.560623,-0.032596,0.013612,-0.044057,-170.279693,-936.987854,3286.863037
0.306473,1.862784,-12.474427,-0.032729,0.011881,-0.046188,-170.279693,-936.987854,3286.863037
0.35436,1.872361,-12.594143,-0.044181,0.001228,-0.024216,-170.279693,-936.987854,3286.863037
0.225066,1.896304,-12.579777,-0.043515,0.001894,-0.015428,-170.279693,-936.987854,3286.863037
0.186757,2.145314,-12.498371,-0.03446,0.005489,-0.004775,-170.279693,-936.987854,3286.863037
0.225066,1.905882,-12.527102,-0.029001,0.012946,0.03717,-168.841217,-937.707092,3287.55664
0.186757,1.896304,-12.574989,-0.023142,0.013878,0.02745,-168.841217,-937.707092,3287.55664
0.316051,2.063907,-12.551045,-0.010891,0.023865,0.011071,-168.841217,-937.707092,3287.55664
0.263376,2.039964,-12.527102,-0.008761,0.026528,0.029181,-168.841217,-937.707092,3287.55664
0.344783,1.915459,-12.560623,-0.005831,0.02533,0.045959,-169.380645,-936.808044,3287.72998
0.373515,1.843629,-12.493581,-0.004766,0.025063,0.038102,-169.380645,-936.808044,3287.72998
0.330417,1.901093,-12.579777,-0.008095,0.016941,0.033974,-169.380645,-936.808044,3287.72998
0.272953,1.939402,-12.517525,-0.007296,0.019604,0.038901,-169.380645,-936.808044,3287.72998
0.349571,1.929825,-12.546257,-0.00703,0.018405,0.033974,-169.021026,-935.729187,3287.72998
0.287319,1.925036,-12.527102,-0.003035,0.020669,0.025452,-169.021026,-935.729187,3287.72998
0.325628,1.996866,-12.565411,-0.001037,0.019338,0.026651,-169.021026,-935.729187,3287.72998
0.373515,1.929825,-12.479215,0.004555,0.022667,0.062471,-168.841217,-935.549377,3288.25
0.502808,2.020809,-12.517525,0.003091,0.017873,0.089769,-168.841217,-935.549377,3288.25
0.416612,1.896304,-12.555834,-0.005432,0.006554,0.159411,-168.841217,-935.549377,3288.25
0.397458,1.767011,-12.551045,-0.00663,0.00469,0.149957,-168.121978,-936.268615,3287.55664
0.339994,1.618563,-12.551045,-0.009959,0.001228,0.085241,-168.121978,-936.268615,3287.55664
0.306473,1.671238,-12.517525,-0.007562,0.008285,0.030912,-168.121978,-936.268615,3287.55664
0.368726,1.814897,-12.555834,-0.005964,0.013745,-0.044191,-168.121978,-936.268615,3287.55664
0.330417,1.867572,-12.498371,-0.007163,0.016408,-0.070956,-168.121978,-936.268615,3287.55664
0.469287,1.948979,-12.589354,-0.011291,0.00935,-0.08334,-169.380645,-936.808044,3288.07666
0.411824,2.097428,-12.541468,-0.007828,0.006554,-0.043392,-169.380645,-936.808044,3288.07666
0.430978,2.025598,-12.541468,-0.008627,0.007486,-0.016893,-169.380645,-936.808044,3288.07666
0.407035,1.87715,-12.522314,-0.006896,0.004424,-0.000381,-169.021026,-936.808044,3286.343017
0.42619,1.896304,-12.527102,-0.009293,-0.000637,-0.003976,-169.021026,-936.808044,3286.343017
0.464499,1.795743,-12.53189,-0.019547,-0.005963,0.006943,-169.021026,-936.808044,3286.343017
0.383092,1.790954,-12.560623,-0.021411,-0.01049,-0.003044,-169.021026,-936.808044,3286.343017
0.421401,2.011232,-12.551045,-0.02181,-0.009558,-0.025015,-168.661407,-936.448425,3286.689697
0.359149,1.9825,-12.527102,-0.023142,-0.010224,0.009207,-168.661407,-936.448425,3286.689697
0.301685,1.977711,-12.498371,-0.021677,-0.01302,0.015598,-168.661407,-936.448425,3286.689697
0.407035,1.915459,-12.541468,-0.019147,-0.009958,-0.002911,-168.661407,-936.448425,3286.689697
0.402246,1.925036,-12.546257,-0.015419,-0.008493,-0.007305,-168.661407,-936.448425,3286.689697
0.378303,1.992077,-12.498371,-0.017416,-0.012621,0.006144,-169.021026,-936.448425,3287.036621
0.373515,2.001655,-12.469638,-0.018082,-0.015817,0.016397,-169.021026,-936.448425,3287.036621
0.320839,1.929825,-12.541468,-0.018481,-0.01808,0.014267,-169.021026,-936.448425,3287.036621
0.325628,2.020809,-12.503159,-0.010758,-0.009425,0.006011,-166.863311,-936.088806,3285.649658
0.330417,2.001655,-12.479215,-0.012223,-0.012621,0.014134,-166.863311,-936.088806,3285.649658
0.363937,1.953768,-12.560623,-0.011557,-0.014751,0.019327,-166.863311,-936.088806,3285.649658
0.306473,1.944191,-12.498371,-0.012223,-0.011822,0.015332,-166.863311,-936.088806,3285.649658
0.344783,2.030386,-12.541468,-0.008894,-0.016349,0.011204,-166.863311,-936.088806,3285.649658
0.258587,1.992077,-12.503159,0.002691,-0.011023,0.018661,-168.301788,-936.808044,3286.689697
0.316051,1.963345,-12.579777,0.007751,-0.008493,0.005478,-168.301788,-936.808044,3286.689697
0.296896,1.972923,-12.613298,0.011613,-0.006096,-0.002378,-167.942169,-936.448425,3286.343017
0.296896,2.135737,-12.522314,0.021467,-0.000637,-0.004908,-167.942169,-936.448425,3286.343017
0.306473,1.987289,-12.546257,0.019336,0.000961,0.019726,-167.942169,-936.448425,3286.343017
0.258587,1.901093,-12.560623,0.024929,0.006021,0.017729,-167.942169,-936.448425,3286.343017
0.292108,1.977711,-12.53668,0.027992,0.008818,0.004679,-168.301788,-936.088806,3287.036621
0.368726,1.891516,-12.551045,0.025728,0.009217,0.007342,-168.301788,-936.088806,3287.036621
0.277742,1.905882,-12.579777,0.02413,0.010815,0.008141,-168.301788,-936.088806,3287.036621
0.287319,1.963345,-12.503159,0.027459,0.015476,0.004812,-168.301788,-936.088806,3287.036621
0.311262,1.814897,-12.60851,0.020401,0.015476,0.013601,-167.942169,-935.729187,3284.609375
0.287319,1.776588,-12.618086,0.020268,0.015875,0.007875,-167.942169,-935.729187,3284.609375
0.335205,1.795743,-12.507947,0.019736,0.025063,-0.019955,-167.942169,-935.729187,3284.609375
0.397458,1.767011,-12.584566,0.015341,0.021868,-0.022752,-167.942169,-935.729187,3284.609375
0.311262,1.929825,-12.574989,0.013078,0.023199,-0.007705,-168.301788,-936.088806,3286.689697
0.320839,1.857995,-12.507947,0.009482,0.026794,0.006011,-168.301788,-936.088806,3286.689697
0.373515,1.819686,-12.60372,0.006286,0.021069,0.013068,-168.301788,-936.088806,3286.689697
0.397458,1.853207,-12.46485,0.001759,0.021468,0.017196,-168.301788,-936.088806,3286.689697
0.402246,1.781377,-12.589354,-0.004633,0.01481,0.021591,-168.841217,-936.268615,3288.596923
0.325628,1.814897,-12.498371,-0.001304,0.0224,0.001883,-168.841217,-936.268615,3288.596923
0.368726,1.857995,-12.498371,-0.004499,0.020136,-0.007971,-168.841217,-936.268615,3288.596923
0.416612,1.819686,-12.53668,-0.011424,0.017473,0.007742,-168.841217,-936.268615,3288.596923
0.421401,1.80532,-12.498371,-0.013554,0.016408,0.009207,-168.841217,-936.268615,3288.596923
0.378303,1.862784,-12.589354,-0.014087,0.014011,-0.00078,-169.380645,-935.369567,3287.036621
0.45971,1.891516,-12.503159,-0.015285,0.015875,-0.001313,-169.380645,-935.369567,3287.036621
0.478865,1.87715,-12.474427,-0.01675,0.011082,0.006543,-169.380645,-935.369567,3287.036621
0.416612,1.848418,-12.589354,-0.020479,0.00216,0.017463,-169.021026,-936.808044,3287.72998
0.378303,1.87715,-12.565411,-0.018082,0.005356,0.012003,-169.021026,-936.808044,3287.72998
0.359149,1.905882,-12.493581,-0.013155,0.004823,0.028914,-169.021026,-936.808044,3287.72998
0.416612,1.915459,-12.598932,-0.008228,0.002959,0.014134,-169.021026,-935.369567,3285.996337
0.445344,1.934614,-12.60851,-0.005298,0.00469,0.012136,-169.021026,-935.369567,3285.996337
0.349571,1.948979,-12.527102,0.000028,0.008552,0.027982,-169.021026,-935.369567,3285.996337
0.402246,1.915459,-12.551045,0.001226,0.007087,0.029314,-169.021026,-935.369567,3285.996337
0.454922,1.790954,-12.53668,0.001493,0.007619,0.023322,-168.301788,-934.29071,3287.036621
0.454922,1.819686,-12.574989,-0.002369,0.001228,0.012403,-168.301788,-934.29071,3287.036621
0.42619,1.896304,-12.60372,-0.003567,0.001894,0.008408,-168.301788,-934.29071,3287.036621
0.421401,1.848418,-12.527102,-0.006231,-0.001302,0.014666,-168.301788,-934.29071,3287.036621
0.445344,1.762222,-12.527102,-0.007163,-0.003832,0.015998,-168.481597,-936.268615,3286.863037
0.454922,1.767011,-12.565411,-0.01209,-0.010091,-0.010235,-168.481597,-936.268615,3286.863037
0.344783,1.867572,-12.522314,-0.015285,-0.005697,-0.028877,-168.481597,-936.268615,3286.863037
0.359149,1.819686,-12.488793,-0.017815,-0.005031,-0.031274,-168.481597,-936.268615,3286.863037
0.450133,1.738279,-12.551045,-0.026071,-0.008093,-0.044856,-169.380645,-936.088806,3287.72998
0.359149,1.814897,-12.522314,-0.029534,-0.007694,-0.05511,-169.380645,-936.088806,3287.72998
0.311262,1.996866,-12.60851,-0.032596,-0.009292,-0.067227,-169.380645,-936.088806,3287.72998
0.339994,2.05433,-12.53189,-0.029267,-0.000237,-0.057373,-169.380645,-936.088806,3287.72998
0.349571,2.035175,-12.574989,-0.023009,0.002293,-0.02941,-169.560455,-935.908996,3286.863037
0.373515,2.116582,-12.574989,-0.014087,0.004157,-0.014363,-169.560455,-935.908996,3286.863037
0.397458,2.37038,-12.541468,0.008817,0.009084,0.026784,-169.560455,-935.908996,3286.863037
0.28253,2.226721,-12.622875,0.029456,0.013079,0.10415,-169.560455,-935.908996,3286.863037
0.359149,2.169257,-12.665973,0.045169,0.023066,0.115868,-168.661407,-936.448425,3286.689697
0.35436,2.121371,-12.565411,0.076595,0.035583,0.128252,-168.661407,-936.448425,3286.689697
0.402246,1.972923,-12.555834,0.083386,0.039977,0.145429,-168.661407,-936.448425,3286.689697
0.450133,1.59462,-12.503159,0.086449,0.047967,0.146495,-168.661407,-936.448425,3286.689697
0.464499,1.479692,-12.565411,0.081389,0.044372,0.117333,-168.661407,-936.448425,3286.689697
0.373515,1.474903,-12.651607,0.06288,0.043839,0.035706,-167.762359,-935.549377,3286.169677
0.526751,1.623351,-12.594143,0.05995,0.052628,0.000019,-167.762359,-935.549377,3286.169677
0.617735,1.532367,-12.551045,0.037313,0.047168,0.007342,-167.762359,-935.549377,3286.169677
0.617735,1.446171,-12.656395,-0.009027,0.016009,-0.047386,-170.099884,-935.009948,3285.649658
0.598581,1.623351,-12.416963,-0.02474,0.010016,-0.079478,-170.099884,-935.009948,3285.649658
0.574638,1.599408,-12.53189,-0.041252,-0.004232,-0.065496,-170.099884,-935.009948,3285.649658
0.474076,1.661661,-12.589354,-0.051638,-0.011156,-0.064431,-170.279693,-934.830139,3288.596923
0.56506,1.743068,-12.618086,-0.056166,-0.012887,-0.075483,-170.279693,-934.830139,3288.596923
0.493231,1.925036,-12.646819,-0.060693,-0.018613,-0.055909,-170.279693,-934.830139,3288.596923
0.550694,1.996866,-12.60851,-0.055367,-0.014885,-0.037532,-170.279693,-934.830139,3288.596923
0.569849,2.533195,-12.570199,-0.043782,-0.013154,0.054082,-168.301788,-937.167663,3288.423339
0.435767,1.45096,-12.541468,-0.061758,-0.009691,0.248362,-168.301788,-937.167663,3288.423339
0.148448,0.933786,-12.579777,-0.062158,-0.004764,0.18085,-168.301788,-937.167663,3288.423339
0.435767,1.661661,-12.507947,-0.038455,0.019737,-0.127149,-168.301788,-937.167663,3288.423339
0.632101,2.059118,-12.445695,-0.042184,0.023332,-0.159241,-169.560455,-936.987854,3285.822998
0.435767,1.80532,-12.60372,-0.062424,0.015875,-0.058039,-169.560455,-936.987854,3285.822998
0.339994,1.62814,-12.60372,-0.06269,0.025596,-0.072154,-169.560455,-936.987854,3285.822998
0.478865,1.968134,-12.450484,-0.050706,0.039711,-0.166698,-169.560455,-936.987854,3285.822998
0.53154,2.202778,-12.598932,-0.048442,0.03798,-0.137536,-168.661407,-936.448425,3287.3833
0.445344,2.269819,-12.541468,-0.04032,0.044372,-0.094259,-168.661407,-936.448425,3287.3833
0.378303,2.288974,-12.60851,-0.02687,0.048366,-0.032606,-168.661407,-936.448425,3287.3833
0.320839,2.312917,-12.637241,-0.011291,0.059951,-0.014363,-168.661407,-936.448425,3287.3833
0.35436,2.250664,-12.488793,0.02413,0.092176,0.007476,-168.301788,-936.448425,3287.036621
0.445344,2.226721,-12.517525,0.042506,0.102563,0.010006,-168.301788,-936.448425,3287.036621
0.847591,2.001655,-12.498371,0.056488,0.110153,0.057544,-168.301788,-936.448425,3287.036621
0.905054,1.618563,-12.349922,0.03931,0.084719,0.108145,-168.301788,-936.448425,3287.036621
0.924209,1.398285,-12.416963,0.0216,0.060218,0.10415,-172.257598,-936.088806,3287.72998
0.847591,1.604197,-12.460061,-0.005298,0.018139,0.040233,-172.257598,-936.088806,3287.72998
0.770972,1.87715,-12.53189,-0.012489,0.005356,0.011604,-172.257598,-936.088806,3287.72998
0.818859,2.178835,-12.565411,-0.00157,0.006687,-0.007039,-172.257598,-936.088806,3287.72998
0.651256,2.284185,-12.527102,0.009482,0.005223,0.013468,-172.257598,-936.088806,3287.72998
0.713508,1.80532,-12.555834,0.068739,0.036781,0.056479,-169.200836,-935.549377,3286.516357
0.857168,1.814897,-12.661184,0.072867,0.033186,0.043695,-169.200836,-935.549377,3286.516357
0.914632,1.52279,-12.53668,0.05742,0.028126,0.064335,-169.560455,-936.268615,3287.55664
0.809281,1.403074,-12.546257,0.047966,0.01481,0.048089,-169.560455,-936.268615,3287.55664
0.852379,1.513213,-12.373866,0.036514,0.000162,-0.035668,-169.560455,-936.268615,3287.55664
0.914632,1.551522,-12.498371,0.021733,-0.01848,-0.05218,-169.560455,-936.268615,3287.55664
0.909843,1.532367,-12.546257,-0.006497,-0.039652,-0.02142,-169.920074,-935.908996,3286.863037
0.861956,1.513213,-12.469638,-0.020878,-0.050039,-0.01383,-169.920074,-935.908996,3286.863037
0.794915,1.680815,-12.651607,-0.039787,-0.078269,-0.053645,-169.920074,-935.908996,3286.863037
0.747029,1.786165,-12.618086,-0.042983,-0.078935,-0.056841,-169.920074,-935.908996,3286.863037
0.63689,1.786165,-12.522314,-0.045113,-0.076538,-0.038198,-170.279693,-937.707092,3288.25
0.689565,1.752645,-12.627664,-0.040985,-0.075339,-0.06989,-170.279693,-937.707092,3288.25
0.656045,1.709547,-12.53668,-0.039387,-0.065086,-0.074684,-170.279693,-937.707092,3288.25
0.574638,1.87715,-12.637241,-0.047643,-0.086924,-0.063898,-170.279693,-937.707092,3288.25
0.555483,1.9825,-12.407386,-0.043915,-0.070546,-0.051115,-169.021026,-935.369567,3287.72998
0.42619,1.800531,-12.460061,-0.05763,-0.089587,-0.017692,-169.021026,-935.369567,3287.72998
0.363937,2.130948,-12.613298,-0.036991,-0.080533,-0.042193,-169.021026,-935.369567,3287.72998
0.402246,2.140525,-12.665973,-0.036591,-0.072143,-0.035535,-169.021026,-935.369567,3287.72998
0.292108,2.049541,-12.517525,-0.016084,-0.047243,-0.002511,-169.560455,-936.987854,3289.636962
0.24901,2.025598,-12.397809,-0.010891,-0.041783,0.000418,-169.560455,-936.987854,3289.636962
0.287319,1.939402,-12.450484,-0.011157,-0.050838,0.015332,-169.560455,-936.987854,3289.636962
0.239432,2.05433,-12.354711,-0.004499,-0.04924,0.020126,-169.560455,-936.987854,3289.636962
0.416612,1.963345,-12.81921,-0.013554,-0.07201,0.068063,-167.942169,-936.448425,3288.07666
0.301685,1.901093,-12.962869,-0.002635,-0.044712,0.082312,-167.942169,-936.448425,3288.07666
0.24901,1.9825,-12.412175,0.025462,-0.007561,0.046225,-167.942169,-936.448425,3288.07666
0.225066,2.025598,-12.469638,0.028657,-0.010357,0.035173,-167.942169,-936.448425,3288.07666
0.253798,1.91067,-12.517525,0.031321,-0.005297,0.071259,-167.942169,-937.527282,3286.689697
0.292108,1.862784,-12.546257,0.035049,-0.004764,0.080447,-167.942169,-937.527282,3286.689697
0.316051,1.757434,-12.579777,0.040375,0.003092,0.059674,-167.942169,-937.527282,3286.689697
0.378303,1.853207,-12.507947,0.03931,0.025862,0.037703,-167.40274,-934.1109,3288.25
0.359149,1.790954,-12.622875,0.035848,0.0228,0.053682,-167.40274,-934.1109,3288.25
0.292108,1.695181,-12.503159,0.038644,0.035583,0.051152,-167.40274,-934.1109,3288.25
0.445344,1.608985,-12.512736,0.038644,0.035583,0.026917,-167.40274,-934.1109,3288.25
0.493231,1.723913,-12.632452,0.034916,0.029458,-0.030741,-167.22293,-935.009948,3286.689697
0.502808,1.767011,-12.589354,0.033318,0.02786,-0.027279,-167.22293,-935.009948,3286.689697
0.454922,1.656872,-12.574989,0.025328,0.026262,0.00681,-167.22293,-935.009948,3286.689697
0.38788,1.652083,-12.589354,0.02373,0.02533,-0.001047,-167.22293,-935.009948,3286.689697
0.411824,1.704759,-12.517525,0.023065,0.026395,-0.028344,-168.661407,-934.650329,3287.72998
0.483653,1.714336,-12.551045,0.0212,0.023199,-0.026347,-168.661407,-934.650329,3287.72998
0.440556,1.618563,-12.618086,0.018804,0.021868,-0.025149,-168.661407,-934.650329,3287.72998
0.454922,1.647295,-12.546257,0.018537,0.025996,-0.030209,-168.661407,-934.650329,3287.72998
0.536328,1.618563,-12.618086,0.002691,0.012546,-0.020355,-170.099884,-935.009948,3285.996337
0.416612,1.685604,-12.522314,-0.000771,0.007353,-0.022485,-170.099884,-935.009948,3285.996337
0.45971,1.69997,-12.627664,-0.005565,0.005089,-0.019156,-170.099884,-935.009948,3285.996337
0.38788,1.762222,-12.527102,0.004955,0.015742,-0.029277,-170.099884,-935.009948,3285.996337
0.493231,1.810109,-12.53189,0.009083,0.011082,-0.041128,-167.40274,-934.830139,3286.169677
0.56506,1.781377,-12.670762,0.01108,-0.002634,-0.039264,-167.40274,-934.830139,3286.169677
0.488442,1.73349,-12.60851,0.017871,-0.002101,-0.035002,-167.40274,-934.830139,3286.169677
0.512385,1.561099,-12.560623,0.020535,-0.005563,-0.021154,-167.40274,-934.830139,3286.169677
0.45971,1.494058,-12.574989,0.020535,-0.007561,-0.02941,-167.40274,-934.830139,3286.169677
0.502808,1.527578,-12.488793,0.009615,-0.013953,-0.073486,-170.459503,-935.729187,3287.72998
0.569849,1.647295,-12.733014,0.004289,-0.019279,-0.07242,-170.459503,-935.729187,3287.72998
0.373515,1.7718,-12.598932,0.017738,0.002293,-0.042193,-170.459503,-935.729187,3287.72998
0.397458,1.570676,-12.632452,0.018404,0.000562,-0.035269,-168.301788,-935.369567,3288.770263
0.474076,1.580254,-12.546257,0.023597,0.005622,-0.046587,-168.301788,-935.369567,3288.770263
0.593792,1.671238,-12.388232,0.01108,-0.023274,-0.045655,-168.301788,-935.369567,3288.770263
0.493231,1.647295,-12.637241,-0.001437,-0.044712,-0.018491,-168.301788,-935.369567,3288.770263
0.296896,1.666449,-12.541468,0.009216,-0.028334,0.032776,-169.021026,-935.009948,3289.463623
0.229855,1.618563,-12.378654,0.015341,-0.031663,0.036238,-169.021026,-935.009948,3289.463623
0.469287,1.192373,-12.862307,-0.001836,-0.037921,-0.007571,-169.021026,-935.009948,3289.463623
0.35436,1.230682,-12.752168,0.001626,-0.019412,-0.053778,-168.481597,-934.830139,3288.943603
0.373515,1.704759,-12.551045,-0.009293,-0.014219,-0.084005,-168.481597,-934.830139,3288.943603
0.368726,1.920248,-12.574989,-0.011291,-0.011556,-0.038465,-168.481597,-934.830139,3288.943603
0.411824,1.690392,-12.560623,-0.017949,-0.020477,0.096027,-168.481597,-934.830139,3288.943603
0.258587,1.369553,-12.53668,-0.020212,-0.021543,0.106014,-168.301788,-934.650329,3287.72998
0.158025,1.637717,-12.694705,-0.003834,-0.022208,-0.008504,-168.301788,-934.650329,3287.72998
0.244221,1.953768,-12.713859,0.008683,-0.008892,-0.039796,-168.301788,-934.650329,3287.72998
0.272953,1.436594,-12.598932,0.013477,0.005622,0.09403,-168.301788,-934.650329,3287.72998
0.292108,1.254626,-12.651607,0.00855,0.004024,0.066466,-168.301788,-934.29071,3287.72998
0.411824,1.561099,-12.53189,0.007884,0.005223,-0.017292,-168.301788,-934.29071,3287.72998
0.301685,1.704759,-12.651607,0.005088,-0.000503,-0.00837,-168.301788,-934.29071,3287.72998
0.287319,1.321667,-12.555834,-0.003701,0.006687,0.013201,-168.301788,-934.29071,3287.72998
0.349571,1.403074,-12.551045,-0.0041,0.002826,-0.018357,-168.481597,-933.751281,3286.516357
0.325628,1.790954,-12.60372,-0.012489,-0.008493,-0.013963,-168.481597,-933.751281,3286.516357
0.138871,1.776588,-12.761746,0.002824,0.00975,0.056745,-168.481597,-933.751281,3286.516357
0.110139,1.69997,-12.507947,0.013477,0.027194,0.053283,-168.481597,-933.751281,3286.516357
0.42619,1.52279,-12.594143,0.01361,0.022267,0.000684,-169.021026,-934.650329,3288.07666
0.42619,1.546733,-12.574989,0.012412,0.018539,-0.000115,-169.021026,-934.650329,3288.07666
0.292108,1.484481,-12.594143,0.004156,0.008285,0.009473,-169.021026,-934.650329,3288.07666
0.38788,1.27378,-12.60851,-0.009293,0.013612,-0.019689,-169.021026,-934.650329,3288.07666
0.435767,1.465326,-12.579777,-0.006364,0.013478,-0.04206,-167.762359,-934.830139,3286.863037
0.330417,1.589831,-12.60851,-0.02221,0.00682,-0.031673,-167.762359,-934.830139,3286.863037
0.296896,1.508424,-12.589354,-0.020346,0.006687,-0.027412,-167.762359,-934.830139,3286.863037
0.296896,1.570676,-12.642029,-0.015552,0.014144,-0.052846,-167.762359,-934.830139,3286.863037
0.35436,1.656872,-12.594143,-0.013288,0.018139,0.00388,-167.40274,-936.268615,3288.596923
0.363937,1.575465,-12.53189,-0.01169,0.015742,0.026651,-167.40274,-936.268615,3288.596923
0.344783,1.570676,-12.584566,-0.015818,0.013478,0.035439,-167.762359,-936.987854,3287.90332
0.339994,1.671238,-12.541468,-0.013821,0.00722,0.030779,-167.762359,-936.987854,3287.90332
0.320839,1.69997,-12.622875,-0.015818,0.004557,0.028648,-167.762359,-936.987854,3287.90332
0.368726,1.608985,-12.522314,-0.01209,0.01268,0.040499,-167.762359,-936.987854,3287.90332
0.373515,1.52279,-12.579777,-0.018881,0.003225,0.045559,-166.863311,-935.729187,3286.343017
0.344783,1.570676,-12.517525,-0.019413,-0.00037,0.038635,-166.863311,-935.729187,3286.343017
0.416612,1.551522,-12.642029,-0.026071,-0.014485,0.025585,-166.863311,-935.729187,3286.343017
0.435767,1.532367,-12.713859,-0.026604,-0.010357,0.019327,-166.863311,-935.729187,3286.343017
0.316051,1.661661,-12.584566,-0.015685,0.000429,-0.000913,-169.200836,-934.47052,3287.20996
0.407035,1.704759,-12.565411,-0.013155,0.000828,-0.011433,-169.200836,-934.47052,3287.20996
0.42619,1.767011,-12.560623,-0.017017,-0.006496,0.003614,-169.200836,-934.47052,3287.20996
0.349571,1.690392,-12.618086,-0.014486,-0.011556,0.057011,-169.200836,-934.47052,3287.20996
0.349571,1.484481,-12.618086,-0.015285,-0.007428,0.064069,-169.200836,-934.47052,3287.20996
0.296896,1.565888,-12.661184,-0.012755,0.000429,0.015199,-168.121978,-935.549377,3286.169677
0.311262,1.714336,-12.565411,-0.008361,0.00176,0.002682,-168.121978,-935.549377,3286.169677
0.35436,1.585042,-12.589354,-0.017815,-0.001169,0.042497,-168.121978,-935.549377,3286.169677
0.344783,1.431806,-12.488793,-0.021544,-0.003699,0.004147,-167.40274,-934.830139,3286.516357
0.35436,1.561099,-12.642029,-0.024607,-0.010357,-0.022219,-167.40274,-934.830139,3286.516357
0.287319,1.7718,-12.642029,-0.021943,-0.002767,-0.042859,-167.40274,-934.830139,3286.516357
0.2107,1.786165,-12.680338,-0.017283,0.002826,-0.048318,-167.40274,-934.830139,3286.516357
0.349571,1.747856,-12.67555,-0.006231,0.015609,-0.055642,-167.22293,-936.808044,3288.07666
0.483653,1.714336,-12.493581,-0.0041,0.0228,-0.036201,-167.22293,-936.808044,3288.07666
0.464499,1.513213,-12.584566,-0.024873,0.004823,-0.00624,-167.22293,-936.808044,3288.07666
0.349571,1.642506,-12.560623,-0.022476,0.008818,-0.00584,-167.22293,-936.808044,3288.07666
0.301685,1.666449,-12.53189,-0.025006,0.007087,-0.012765,-167.22293,-936.808044,3288.07666
0.35436,1.709547,-12.656395,-0.025406,0.003225,-0.015961,-167.40274,-936.987854,3289.290283
0.301685,1.704759,-12.680338,-0.021278,0.005223,-0.012498,-167.40274,-936.987854,3289.290283
0.407035,1.671238,-12.503159,-0.017283,0.011215,-0.008504,-168.841217,-936.268615,3288.596923
0.392669,1.69997,-12.527102,-0.021278,0.003092,0.00175,-168.841217,-936.268615,3288.596923
0.344783,1.752645,-12.474427,-0.026071,-0.004099,0.006677,-168.841217,-936.268615,3288.596923
0.368726,1.819686,-12.565411,-0.029134,-0.009159,0.012403,-168.841217,-936.268615,3288.596923
0.24901,1.929825,-12.574989,-0.019813,-0.003832,0.060473,-168.121978,-936.628234,3288.596923
0.296896,1.704759,-12.565411,-0.020212,-0.001036,0.071392,-168.121978,-936.628234,3288.596923
0.416612,1.647295,-12.594143,-0.014087,0.004956,0.012935,-168.121978,-936.628234,3288.596923
0.407035,1.915459,-12.512736,-0.016617,-0.004498,0.049821,-168.121978,-936.628234,3288.596923