0.861956,0,-13.216668,0.526644,-0.485318,0.950823,-119.933006,-933.391662,3309.054199
1.048714,1.795743,-12.895828,1.661168,0.406855,0.798355,-116.876243,-934.29071,3307.146972
1.422228,2.121371,-13.52793,1.90778,0.842954,0.961343,-116.876243,-934.29071,3307.146972
0.253798,0.392669,-13.192724,2.088079,1.593577,1.059881,-116.876243,-934.29071,3307.146972
-0.488442,-0.943364,-13.216668,2.04933,1.817552,0.094204,-116.876243,-934.29071,3307.146972
-0.751818,-0.172391,-13.130472,1.953321,1.831135,-0.517666,-116.876243,-934.29071,3307.146972
0.081407,1.369553,-12.263727,1.695656,1.831268,-1.201044,-128.563858,-914.331787,3297.95874
0.747029,1.498847,-11.78965,1.500177,1.73779,-1.143519,-128.563858,-914.331787,3297.95874
0.838013,1.16843,-10.683473,1.011879,1.292369,-0.566004,-128.563858,-914.331787,3297.95874
0.181969,-0.292108,-9.998696,0.544887,0.758664,-0.244955,-138.813018,-905.880737,3290.503906
-0.004789,-1.077446,-9.898135,0.324241,0.524169,-0.446293,-138.813018,-905.880737,3290.503906
-0.799704,-0.134082,-9.802362,-0.129569,0.052915,-1.295055,-138.813018,-905.880737,3290.503906
-0.828436,1.139698,-9.677857,-0.371121,-0.243233,-1.510242,-138.813018,-905.880737,3290.503906
1.565888,1.158853,-11.655569,-0.763411,-0.924347,-1.048442,-142.589019,-912.89331,3275.420898
5.684124,0.660833,-17.775459,-0.320121,-0.875477,0.570385,-142.589019,-912.89331,3275.420898
3.323321,0.325628,-14.863962,-0.545694,-0.76016,0.928452,-142.589019,-912.89331,3275.420898
0.416612,2.293762,-12.680338,-0.737178,-1.044723,-0.353347,-142.589019,-912.89331,3275.420898
-1.312089,2.849245,-12.062603,-0.604284,-0.987465,-0.397423,-142.589019,-912.89331,3275.420898
-2.389535,1.039137,-14.145665,-0.62013,-0.982937,0.466387,-128.384048,-920.625122,3298.13208
-1.302512,-1.518001,-13.025121,-0.505346,-0.742317,0.173301,-128.384048,-920.625122,3298.13208
0.335205,3.57712,-12.723437,-0.331839,-0.614883,-0.267192,-116.516624,-917.748168,3309.920898
-0.526751,2.174046,-12.479215,-0.369523,-0.61435,0.381297,-116.516624,-917.748168,3309.920898
-1.067868,-0.608158,-13.077796,-0.390563,-0.569076,0.613795,-116.516624,-917.748168,3309.920898
-1.427017,-0.737452,-12.761746,-0.352212,-0.498501,0.255594,-116.516624,-917.748168,3309.920898
-1.019982,0.723086,-12.670762,-0.273515,-0.428459,-0.145617,-119.933006,-906.420166,3296.571777
-0.584215,0.823647,-12.21584,-0.372586,-0.41967,0.013243,-119.933006,-906.420166,3296.571777
-0.17718,0.378303,-12.349922,-0.435304,-0.477994,-0.021645,-119.933006,-906.420166,3296.571777
-1.019982,-0.158025,-12.340345,-0.526918,-0.541778,-0.097946,-119.933006,-906.420166,3296.571777
-1.178007,-0.052675,-12.239783,-0.547159,-0.582525,-0.135364,-116.336814,-909.297119,3290.330566
-0.74224,2.360803,-12.426541,-0.595096,-0.635922,-0.35641,-116.336814,-909.297119,3290.330566
-1.029559,3.581908,-12.632452,-0.65888,-0.676403,0.177163,-116.336814,-909.297119,3290.330566
-2.236298,2.494885,-12.00514,-0.699627,-0.666815,0.552674,-116.336814,-909.297119,3290.330566
-1.944191,1.053502,-12.953291,-0.797899,-0.738056,0.703012,-108.784805,-917.927978,3293.451171
-1.02477,0.440556,-12.776112,-0.853027,-0.712223,0.615659,-108.784805,-917.927978,3293.451171
-0.244221,0.498019,-13.178359,-1.145048,-0.835795,0.571716,-108.784805,-917.927978,3293.451171
1.115755,1.302512,-16.693223,-1.598191,-1.231946,0.967734,-108.784805,-917.927978,3293.451171
3.103044,0.330417,-17.818557,-1.883287,-1.361511,1.159085,-101.052993,-923.861755,3309.227539
4.300205,-0.545906,-17.679685,-2.305671,-1.612252,1.36282,-101.052993,-923.861755,3309.227539
1.427017,-0.684777,-17.397155,-2.371452,-1.716383,1.229527,-101.052993,-923.861755,3309.227539
-5.909191,3.557965,-14.140876,-2.099406,-1.430355,0.711002,-101.052993,-923.861755,3309.227539
-5.904402,4.826957,-12.982024,-1.313495,-1.128215,-0.169586,-92.601943,-925.83966,3291.370605
-3.562754,5.392017,-11.229378,-0.664739,-0.805967,0.055055,-92.601943,-925.83966,3291.370605
-1.307301,1.513213,-9.759263,0.40933,-0.069326,0.255195,-92.601943,-925.83966,3291.370605
-1.125332,-0.052675,-11.262899,1.187784,0.306452,0.318978,-92.601943,-925.83966,3291.370605
-3.088678,3.749511,-11.392192,2.801684,1.3969,-0.49423,-91.343276,-918.107788,3281.142089
-2.949807,5.147796,-10.817555,3.195838,2.291869,-0.736049,-91.343276,-918.107788,3281.142089
-2.638545,4.716818,-11.095296,3.325802,2.651401,-0.722067,-91.343276,-918.107788,3281.142089
-3.313744,7.278744,-12.632452,3.784272,3.329718,-0.600492,-91.343276,-918.107788,3281.142089
-4.616256,2.719952,-11.147972,3.628875,3.317867,1.778679,-97.276992,-931.593566,3295.531494
-1.393496,0.134082,-14.442561,3.142574,2.292268,0.005653,-97.276992,-931.593566,3295.531494
-2.039964,0.42619,-9.874192,2.536829,2.119027,-0.943379,-131.980239,-874.234252,3284.262695
-3.629795,1.87715,-6.105525,0.333695,0.481025,-2.026503,-131.980239,-874.234252,3284.262695
-5.147796,3.543599,-7.283533,-0.517331,-0.500099,-2.208533,-131.980239,-874.234252,3284.262695
0.148448,3.965,-11.420925,-1.206967,-1.627965,-1.586542,-131.980239,-874.234252,3284.262695
7.360151,0.047886,-19.054027,-1.122277,-1.73649,-0.500622,-109.683853,-927.457946,3347.714843
1.881938,-0.368726,-17.09547,-0.964083,-0.974814,-0.139625,-109.683853,-927.457946,3347.714843
-3.22276,3.778243,-12.029083,-1.103901,-1.569374,-1.435938,-109.683853,-927.457946,3347.714843
-4.032041,5.128642,-11.282053,-0.801761,-1.635022,-1.189193,-109.683853,-927.457946,3347.714843
-2.734318,2.394324,-13.781727,-1.073541,-1.336477,0.352668,-124.428245,-911.994262,3290.157226
-1.709547,0.158025,-15.419445,-0.967811,-1.170293,0.618988,-124.428245,-911.994262,3290.157226
-1.465326,0.507597,-12.364288,-0.648494,-0.744181,-0.668137,-124.428245,-911.994262,3290.157226
-1.431806,3.658527,-13.025121,-0.46926,-0.780933,-0.838582,-124.428245,-911.994262,3290.157226
-1.34561,3.194028,-12.934137,-0.488702,-0.668147,-0.261733,-113.639663,-901.924926,3304.71997
-1.604197,1.316878,-12.211051,-0.44609,-0.559089,0.294743,-113.639663,-901.924926,3304.71997
-1.714336,1.120543,-12.488793,-0.419725,-0.577065,0.230826,-113.639663,-901.924926,3304.71997
-1.561099,0.689565,-12.21584,-0.38204,-0.513548,0.234688,-113.639663,-901.924926,3304.71997
-1.953768,-0.095773,-11.947676,-0.409338,-0.507556,-0.020979,-117.595481,-893.294067,3293.971191
-1.474903,0.627313,-12.268515,-0.42838,-0.529793,-0.306341,-117.595481,-893.294067,3293.971191
-0.349571,2.490097,-12.756958,-0.540634,-0.599037,-0.200612,-117.595481,-893.294067,3293.971191
-0.545906,2.078273,-12.704282,-0.627188,-0.659225,0.260787,-117.595481,-893.294067,3293.971191
-0.732663,0.119716,-12.522314,-0.814411,-0.825808,0.835906,-112.740615,-895.631591,3294.49121
-0.641679,0.598581,-13.02991,-1.074073,-0.97335,0.600878,-112.740615,-895.631591,3294.49121
0.148448,1.254626,-13.20709,-1.209097,-1.048319,0.514457,-112.740615,-895.631591,3294.49121
0.435767,1.144487,-15.716341,-1.625622,-1.410781,0.985844,-112.740615,-895.631591,3294.49121
1.374342,0.928998,-17.430677,-1.859185,-1.600001,1.272804,-101.232803,-907.139404,3313.214843
5.48779,-1.479692,-21.596799,-2.409802,-1.958468,1.613428,-101.232803,-907.139404,3313.214843
-7.987464,3.519656,-13.982851,-1.641868,-1.327555,0.600745,-101.232803,-907.139404,3313.214843
-5.138219,4.237953,-12.388232,-0.835317,-0.566546,-0.451885,-90.624038,-909.476928,3305.760009
-5.008925,5.899613,-8.926039,-0.19242,0.14879,-0.667471,-90.624038,-909.476928,3305.760009
-2.696008,3.835706,-6.455097,0.813471,0.604731,-0.205273,-90.624038,-909.476928,3305.760009
-1.800531,2.241087,-7.226069,1.539327,0.77411,0.077426,-90.624038,-909.476928,3305.760009
-4.367247,3.850073,-8.643509,3.01008,1.9603,-0.427384,-112.380996,-903.543212,3241.094238
-2.614601,4.630622,-9.409692,3.214347,2.424363,-0.794506,-112.380996,-903.543212,3241.094238
-2.154891,4.836534,-10.156722,3.324071,2.767916,-0.864948,-112.380996,-903.543212,3241.094238
-3.50529,7.714511,-11.741764,3.826351,3.598169,-0.317793,-124.787864,-923.502136,3258.604248
-4.170912,8.14549,-13.168781,3.754977,3.779,0.295143,-124.787864,-923.502136,3258.604248
-3.198817,3.955423,-13.954119,3.679209,3.924278,1.205292,-124.787864,-923.502136,3258.604248
-3.984155,2.078273,-14.102567,3.787335,3.660621,0.999959,-124.787864,-923.502136,3258.604248
-1.747856,1.221105,-11.076142,3.262152,2.307715,-0.57133,-124.787864,-923.502136,3258.604248
-2.758261,2.111793,-6.072005,0.257394,0.440278,-0.25654,-147.443878,-878.190063,3252.363037
-5.87567,2.854034,-7.254801,-0.726392,-0.88067,-0.241626,-147.443878,-878.190063,3252.363037
2.667277,0.07183,-13.585393,-1.603251,-1.917854,-0.769738,-147.443878,-878.190063,3252.363037
6.737627,-2.202778,-22.257633,-1.038253,-1.622638,-0.429115,-147.443878,-878.190063,3252.363037
0.881111,0.8859,-13.882289,-0.853826,-0.608091,-1.119816,-98.35585,-879.44873,3350.315429
0.545906,2.743895,-14.241437,-1.213225,-1.097854,-1.793473,-98.35585,-879.44873,3350.315429
-2.61939,3.395151,-12.340345,-0.863281,-1.388676,-1.054035,-98.35585,-879.44873,3350.315429
-3.246703,2.332071,-11.435291,-0.883388,-1.180147,0.734704,-98.35585,-879.44873,3350.315429
-1.881938,-0.416612,-14.662838,-0.999104,-1.193863,1.015006,-126.40615,-908.9375,3283.049072
-0.747029,-0.928998,-12.948503,-0.702557,-0.721144,-0.442165,-126.40615,-908.9375,3283.049072
-0.622524,1.484481,-11.962041,-0.575522,-0.714886,-0.964019,-126.40615,-908.9375,3283.049072
-1.494058,2.317705,-12.876673,-0.608013,-0.780933,-0.248949,-126.40615,-908.9375,3283.049072
-2.111793,0.296896,-12.067392,-0.55901,-0.584123,0.192876,-117.056053,-904.62207,3294.144531
-1.460537,0.981673,-12.297247,-0.549422,-0.594376,-0.073844,-117.056053,-904.62207,3294.144531
-1.000827,1.661661,-12.823998,-0.515999,-0.585587,-0.164792,-117.056053,-904.62207,3294.144531
-1.350399,1.656872,-12.019505,-0.511205,-0.546705,0.018702,-117.056053,-904.62207,3294.144531
-1.719124,1.52279,-12.297247,-0.67153,-0.661222,0.316049,-121.551292,-900.846069,3288.770263
-1.470115,1.187584,-11.990774,-0.731852,-0.682528,0.46399,-121.551292,-900.846069,3288.770263
-0.330417,0.191546,-12.766534,-0.953031,-0.851375,0.625912,-116.876243,-903.363403,3289.810302
-0.028732,-0.138871,-12.766534,-1.106165,-0.925678,0.644155,-116.876243,-903.363403,3289.810302
-0.804493,0.10535,-14.049892,-1.550653,-1.171226,0.715529,-116.876243,-903.363403,3289.810302
2.322494,0.622524,-17.526449,-2.036821,-1.588016,0.956549,-116.876243,-903.363403,3289.810302
3.050368,1.249837,-19.925561,-2.337363,-1.760858,1.288384,-100.693374,-920.625122,3322.75
2.97375,2.073484,-18.848115,-2.303673,-1.623171,1.335123,-100.693374,-920.625122,3322.75
-2.557138,1.197162,-16.856039,-2.223111,-1.471901,1.623548,-100.693374,-920.625122,3322.75
-7.89648,2.815725,-13.27892,-1.692335,-1.068825,0.761602,-100.693374,-920.625122,3322.75
-8.57168,2.739106,-13.192724,-1.430276,-0.907569,0.087147,-99.075088,-920.804992,3291.023925
-4.381612,4.07035,-9.677857,-0.525587,-0.274792,-0.832324,-99.075088,-920.804992,3291.023925
-2.729529,3.471769,-8.648298,-0.002001,0.04426,-0.960424,-99.075088,-920.804992,3291.023925
-3.270646,3.428672,-9.194204,1.501376,0.828173,-0.655753,-99.075088,-920.804992,3291.023925
-3.620217,5.48779,-8.538159,2.430034,1.790388,-0.746169,-110.76271,-923.502136,3262.418457
-3.021636,4.702452,-8.758437,2.542155,2.066828,-0.655753,-110.76271,-923.502136,3262.418457
-3.246703,3.840495,-9.926867,3.108885,2.655662,-0.537507,-110.76271,-923.502136,3262.418457
-3.083889,5.018503,-10.831921,3.498777,2.963129,-0.588374,-110.76271,-923.502136,3262.418457
-3.567542,7.958732,-13.4561,3.596783,3.44104,0.38183,-106.62709,-938.42633,3282.702392
-2.964173,6.890863,-13.183147,3.533133,3.590446,1.015938,-106.62709,-938.42633,3282.702392
-3.581908,2.729529,-13.010755,3.704909,3.376457,1.34258,-106.62709,-938.42633,3282.702392
-1.747856,1.489269,-13.944541,3.418349,2.424097,0.122567,-106.62709,-938.42633,3282.702392
-2.15968,2.068696,-10.491927,2.839635,2.093327,-0.481181,-128.384048,-892.934448,3278.714843
-0.756606,1.958557,-7.939578,0.863273,0.606728,-0.272652,-128.384048,-892.934448,3278.714843
-3.452615,2.466153,-7.561274,-0.198413,-0.325526,-0.147881,-128.384048,-892.934448,3278.714843
0.627313,0.296896,-12.397809,-1.415762,-1.714119,-0.414201,-128.384048,-892.934448,3278.714843
4.486963,-2.365592,-18.852905,-0.780455,-1.050982,-0.98093,-100.333755,-892.934448,3349.101806
1.589831,2.37038,-13.101739,-0.934654,-0.653233,-1.725961,-100.333755,-892.934448,3349.101806
-3.141353,3.069523,-12.148799,-0.823999,-1.279485,-0.092886,-100.333755,-892.934448,3349.101806
-1.350399,0.296896,-14.05947,-0.878594,-1.058439,0.713798,-116.876243,-914.871215,3293.971191
-1.24026,-1.130121,-14.610164,-0.864612,-0.930339,0.23096,-116.876243,-914.871215,3293.971191
-0.847591,2.351226,-12.364288,-0.513203,-0.727403,-0.638576,-116.876243,-914.871215,3293.971191
-1.59462,1.671238,-13.053853,-0.612807,-0.694246,0.496214,-116.876243,-914.871215,3293.971191
-2.025598,-0.167603,-13.020333,-0.596028,-0.630595,0.722054,-110.043472,-908.038452,3302.292724
-1.652083,-0.100562,-12.196685,-0.483508,-0.477994,0.041206,-110.043472,-908.038452,3302.292724
-1.115755,0.881111,-12.364288,-0.477649,-0.501697,-0.219122,-110.043472,-908.038452,3302.292724
-0.775761,0.99125,-12.244572,-0.529315,-0.543242,0.10792,-110.043472,-908.038452,3302.292724
-1.029559,0.277742,-12.053026,-0.588172,-0.578929,0.328566,-113.280044,-900.846069,3294.66455
-1.197162,0.057464,-12.479215,-0.708682,-0.679465,0.237884,-113.280044,-900.846069,3294.66455
-1.814897,1.230682,-12.211051,-0.76927,-0.731664,0.187283,-113.280044,-900.846069,3294.66455
-1.996866,1.479692,-12.177531,-0.827993,-0.782531,0.284623,-113.280044,-900.846069,3294.66455
-1.752645,1.16843,-12.709071,-0.951965,-0.823811,0.458397,-109.324234,-903.723022,3292.237548
-1.479692,0.866745,-12.709071,-1.026136,-0.84738,0.487426,-109.324234,-903.723022,3292.237548
-1.364764,0.78055,-12.680338,-1.269153,-0.909033,0.472911,-109.324234,-903.723022,3292.237548
-0.220278,1.125332,-14.011583,-1.418425,-1.080277,0.599946,-109.324234,-903.723022,3292.237548
1.407862,0.660833,-16.228725,-1.879692,-1.453791,1.288517,-101.052993,-915.590454,3304.373291
4.592313,-0.014366,-20.91681,-2.415927,-1.865922,1.35523,-101.052993,-915.590454,3304.373291
4.089505,-0.42619,-22.281576,-2.480243,-1.892287,1.393181,-101.052993,-915.590454,3304.373291
-6.871709,1.005616,-17.133779,-2.175041,-1.321563,1.560962,-101.052993,-915.590454,3304.373291
-7.642681,2.566715,-14.677205,-1.923368,-1.075617,0.666526,-88.466323,-917.748168,3310.614501
-6.565236,3.687258,-11.875846,-1.161293,-0.326991,-0.790511,-88.466323,-917.748168,3310.614501
-4.812591,6.857343,-6.632277,0.067775,0.457456,-1.18067,-88.466323,-917.748168,3310.614501
-2.849245,4.8509,-7.015368,0.493354,0.427894,-0.766809,-88.466323,-917.748168,3310.614501
-2.188412,2.820513,-9.333074,1.944133,0.988764,-0.163993,-109.863662,-935.908996,3250.802734
-4.065562,4.094294,-9.06491,2.668924,1.691583,-0.347887,-109.863662,-935.908996,3250.802734
-3.294589,5.372862,-8.078449,3.120469,2.409582,-0.487572,-109.863662,-935.908996,3250.802734
-3.529233,7.388883,-12.881462,4.023427,3.468338,0.579839,-121.551292,-919.546264,3265.539062
-3.950634,4.314571,-13.159204,3.768826,3.580459,1.433262,-121.551292,-919.546264,3265.539062
-4.534849,2.451787,-13.140048,3.889469,3.436113,1.282525,-121.551292,-919.546264,3265.539062
-1.776588,1.015193,-13.934965,3.627543,2.574701,-0.352282,-133.598526,-879.089111,3283.742431
-2.810936,2.164469,-11.15276,3.205958,2.029543,-1.120083,-133.598526,-879.089111,3283.742431
-1.977711,1.704759,-6.948328,0.408132,0.536952,-0.583847,-133.598526,-879.089111,3283.742431
-5.248358,2.322494,-7.029735,-0.588705,-0.709826,-0.475588,-133.598526,-879.089111,3283.742431
4.257108,-1.24026,-15.457755,-1.587938,-1.921982,-0.851632,-133.598526,-879.089111,3283.742431
5.377651,-2.662488,-22.262422,-1.022141,-1.546471,-0.753493,-127.485008,-915.770263,3310.787841
0.952941,4.046407,-13.183147,-1.10976,-0.795448,-1.557247,-127.485008,-915.770263,3310.787841
-3.337687,3.692047,-13.211878,-1.097243,-1.564447,-0.77107,-127.485008,-915.770263,3310.787841
-3.907536,2.935441,-12.431329,-0.924135,-1.458319,-0.078238,-127.485008,-915.770263,3310.787841
-2.652911,-0.062252,-13.59497,-0.972472,-1.0884,0.689163,-126.765769,-909.656738,3296.918457
-1.623351,-1.465326,-14.715514,-0.947038,-0.984801,0.272905,-126.765769,-909.656738,3296.918457
-0.804493,1.513213,-12.345133,-0.632248,-0.706364,-1.005698,-126.765769,-909.656738,3296.918457
-1.154064,3.395151,-12.685128,-0.600822,-0.736724,-0.140823,-124.248435,-913.612548,3301.079345
-1.824475,1.551522,-12.484004,-0.602287,-0.682927,0.423376,-124.248435,-913.612548,3301.079345
-2.097428,-0.957729,-12.388232,-0.524388,-0.55536,0.254662,-124.248435,-913.612548,3301.079345
-1.680815,-0.129293,-12.503159,-0.484174,-0.561219,-0.150145,-124.248435,-913.612548,3301.079345
-0.972095,1.249837,-12.158376,-0.47472,-0.558023,-0.306741,-124.248435,-913.612548,3301.079345
-1.230682,1.283357,-12.019505,-0.507078,-0.572271,-0.093951,-126.046531,-898.508544,3292.410888
-1.661661,0.857168,-12.737803,-0.590702,-0.653366,0.187949,-126.046531,-898.508544,3292.410888
-1.781377,0.914632,-12.651607,-0.601222,-0.654431,0.156922,-126.046531,-898.508544,3292.410888
-1.249837,1.201951,-12.282881,-0.661943,-0.693847,0.235354,-126.046531,-898.508544,3292.410888
-1.134909,0.148448,-12.335556,-0.842907,-0.813558,0.605273,-123.888816,-902.464355,3291.370605
-0.703931,-0.129293,-12.311613,-0.963817,-0.886929,0.684769,-123.888816,-902.464355,3291.370605
-1.221105,-0.234644,-12.637241,-1.32761,-1.044723,0.623915,-123.888816,-902.464355,3291.370605
-1.091812,-0.009577,-14.078624,-1.54253,-1.210907,0.735503,-123.888816,-902.464355,3291.370605
4.242742,0.876322,-21.290327,-2.309665,-1.92105,1.187715,-111.661758,-912.174072,3306.280273
-0.435767,1.704759,-18.718822,-2.088087,-1.797211,1.595584,-111.661758,-912.174072,3306.280273
-6.162989,2.624179,-14.672416,-1.769701,-1.469238,1.570417,-95.838516,-928.356994,3315.29541
-4.759915,1.403074,-14.423406,-1.520692,-1.242466,0.784106,-95.838516,-928.356994,3315.29541
-6.646643,3.270646,-10.626009,-0.137159,0.456923,-0.341762,-95.838516,-928.356994,3315.29541
-7.22128,5.851727,-6.852554,0.600681,0.958803,-0.965883,-95.838516,-928.356994,3315.29541
-3.486135,4.644988,-7.029735,0.89603,0.463581,-0.973207,-146.54483,-949.934143,3207.807861
-2.657699,3.759088,-8.303515,1.248904,0.706864,-0.952301,-146.54483,-949.934143,3207.807861
-2.494885,4.281051,-9.62997,2.554805,2.111969,-0.925136,-146.54483,-949.934143,3207.807861
-4.022464,5.463847,-9.567718,3.185718,2.853405,-0.749099,-146.54483,-949.934143,3207.807861
-3.534022,6.550869,-10.051371,3.387722,3.080709,-0.529518,-146.54483,-949.934143,3207.807861
-2.748684,6.19651,-12.220628,3.471346,3.605759,0.439888,-130.002334,-925.83966,3262.245117
-3.567542,5.0616,-13.005967,3.556702,3.762355,0.68943,-130.002334,-925.83966,3262.245117
-3.39994,3.15093,-14.313267,3.668689,3.696574,0.446146,-130.002334,-925.83966,3262.245117
-1.901093,2.226721,-12.488793,3.400905,2.920251,-0.618202,-140.970733,-897.249877,3281.835449
-1.834052,3.012059,-10.755303,2.798755,2.231813,-0.816744,-140.970733,-897.249877,3281.835449
-3.055157,0.890688,-6.105525,0.41186,0.579696,-0.106335,-140.970733,-897.249877,3281.835449
-6.024118,2.049541,-6.335381,-0.52825,-0.619943,-0.270788,-140.970733,-897.249877,3281.835449
1.546733,0.790127,-13.302863,-1.477548,-1.906003,-0.770138,-146.724639,-920.625122,3250.629394
6.40721,-1.632929,-21.759613,-1.084193,-1.696808,-0.433376,-146.724639,-920.625122,3250.629394
-0.019155,0.167603,-15.601413,-1.010689,-0.752437,-0.657485,-146.724639,-920.625122,3250.629394
-3.495712,2.475731,-12.742591,-1.113888,-1.558588,-1.213162,-146.724639,-920.625122,3250.629394
-4.170912,2.188412,-11.22459,-0.95636,-1.460582,-0.851632,-146.724639,-920.625122,3250.629394
-3.423883,1.211528,-13.345961,-0.976467,-1.180414,-0.019115,-133.778335,-908.75769,3291.890869
-0.981673,1.292935,-15.218322,-0.918009,-1.102115,0.018702,-133.778335,-908.75769,3291.890869
-0.397458,2.609813,-12.407386,-0.658614,-0.766951,-0.429914,-133.778335,-908.75769,3291.890869
-1.154064,2.925864,-12.105701,-0.579916,-0.81702,-0.37665,-133.778335,-908.75769,3291.890869
-1.886727,1.762222,-13.326807,-0.517997,-0.732596,0.298072,-129.283096,-916.849121,3301.079345
-1.249837,0.464499,-12.862307,-0.409871,-0.575068,-0.007663,-129.283096,-916.849121,3301.079345
-1.41744,0.646467,-11.904578,-0.407873,-0.523002,0.006318,-131.261001,-909.117309,3295.358154
-1.412651,0.699142,-11.832748,-0.467662,-0.561086,0.054922,-131.261001,-909.117309,3295.358154
-1.010405,0.545906,-12.512736,-0.590169,-0.678933,0.094071,-131.261001,-909.117309,3295.358154
-1.331244,0.541117,-12.46485,-0.641303,-0.718082,0.159985,-131.261001,-909.117309,3295.358154
-1.695181,1.211528,-12.268515,-0.736779,-0.793717,0.267312,-128.923477,-909.656738,3293.104248
-1.838841,0.962518,-12.383442,-0.888847,-0.863226,0.370778,-128.923477,-909.656738,3293.104248
-1.80532,0.852379,-12.689916,-0.987519,-0.911963,0.457997,-128.923477,-909.656738,3293.104248
-1.580254,0.972095,-13.336383,-1.20204,-0.99865,0.660001,-128.923477,-909.656738,3293.104248
-1.101389,0.478865,-14.140876,-1.351312,-1.086403,0.801817,-124.967674,-916.849121,3298.652099
0.809281,1.24026,-16.42506,-1.702988,-1.396932,1.052557,-124.967674,-916.849121,3298.652099
3.902748,0.349571,-17.885597,-1.943342,-1.574168,1.146036,-124.967674,-916.849121,3298.652099
5.669758,-0.421401,-22.075664,-2.302608,-1.968322,1.664028,-124.967674,-916.849121,3298.652099
-6.340169,2.978539,-15.927042,-1.873433,-1.442872,2.037542,-102.49147,-931.054138,3345.981201
-6.862132,4.055984,-13.724264,-1.674226,-1.265503,1.522745,-102.49147,-931.054138,3345.981201
-7.192548,2.303339,-12.919771,-1.081131,-0.592512,0.222171,-102.49147,-931.054138,3345.981201
-6.354535,3.816552,-9.893346,-0.447821,0.166501,-0.389433,-102.49147,-931.054138,3345.981201
-4.434288,4.439076,-6.445519,0.472048,0.390609,-1.148179,-147.443878,-931.054138,3226.358154
-2.456576,2.686431,-7.628315,0.792698,0.359982,-0.969079,-147.443878,-931.054138,3226.358154
-3.112621,3.342476,-9.371383,2.1745,1.535253,-1.203174,-147.443878,-931.054138,3226.358154
-3.926691,5.904402,-8.729704,2.812204,2.528228,-1.14232,-147.443878,-931.054138,3226.358154
-3.15093,5.550042,-9.328286,2.814734,2.724506,-0.897972,-139.172637,-938.965759,3257.564208
-3.112621,5.890036,-11.353883,3.234854,3.370599,-0.086627,-139.172637,-938.965759,3257.564208
-3.486135,6.617911,-12.455272,3.505036,3.640248,0.482366,-139.172637,-938.965759,3257.564208
-4.223587,4.606679,-12.627664,3.665094,3.700969,1.258822,-139.172637,-938.965759,3257.564208
-3.725568,2.877977,-13.149626,3.764298,3.458218,1.266146,-139.172637,-938.965759,3257.564208
-1.747856,1.532367,-14.19834,3.69905,2.670709,0.385026,-145.645782,-919.186645,3279.755126
-2.542772,2.475731,-8.542947,2.472246,1.403957,-0.299417,-145.645782,-919.186645,3279.755126
-1.91067,0.976884,-6.541292,0.758742,0.719115,-0.223516,-145.645782,-919.186645,3279.755126
7.178183,-0.766184,-24.824348,-1.316025,-1.801872,-1.033129,-211.635894,-866.142822,3168.280273
-3.012059,2.44221,-12.527102,-1.456509,-0.95271,-1.225412,-211.635894,-866.142822,3168.280273
-5.684124,1.824475,-10.966003,-1.492462,-1.446734,-1.201843,-211.635894,-866.142822,3168.280273
-3.581908,5.641026,-11.995562,-0.912949,-1.495071,-1.113425,-140.431304,-914.331787,3294.144531
-1.446171,3.835706,-15.266208,-0.88978,-1.196925,0.316182,-140.431304,-914.331787,3294.144531
-2.284185,1.259414,-13.719475,-0.702956,-0.856435,0.587695,-140.431304,-914.331787,3294.144531
-1.355187,1.676027,-12.723437,-0.494161,-0.753769,0.056387,-140.431304,-914.331787,3294.144531
-1.16843,2.169257,-13.221456,-0.492164,-0.7294,0.1484,-135.216812,-924.580993,3314.428466
-2.116582,0.560272,-12.541468,-0.429179,-0.601567,0.503538,-135.216812,-924.580993,3314.428466
-1.647295,0.555483,-12.28767,-0.402281,-0.540712,0.487426,-135.216812,-924.580993,3314.428466
-1.431806,-0.057464,-12.244572,-0.453414,-0.560686,0.389287,-135.216812,-924.580993,3314.428466
-1.580254,-0.253798,-12.383442,-0.488302,-0.580394,0.323639,-133.238906,-920.445312,3307.320312
-1.470115,0.225066,-12.120067,-0.565135,-0.609823,0.236286,-133.238906,-920.445312,3307.320312
-1.288146,0.761395,-12.244572,-0.697097,-0.695311,0.173301,-133.238906,-920.445312,3307.320312
-1.072657,0.842802,-12.416963,-0.765408,-0.753635,0.229095,-133.238906,-920.445312,3307.320312
-1.52279,0.45971,-12.613298,-0.9513,-0.838725,0.456533,-128.743667,-923.142517,3308.880615
-1.460537,0.536328,-12.570199,-1.051569,-0.894119,0.4564,-128.743667,-923.142517,3308.880615
-0.311262,0.416612,-13.681166,-1.390861,-1.064431,0.44335,-128.743667,-923.142517,3308.880615
-0.737452,0.464499,-14.064258,-1.570494,-1.136337,0.548813,-128.743667,-923.142517,3308.880615
1.130121,0.646467,-15.51043,-1.971039,-1.494804,0.916201,-121.371482,-933.032043,3313.561523
3.476558,1.029559,-21.467506,-2.437366,-1.976578,1.546182,-121.371482,-933.032043,3313.561523
3.486135,1.106178,-22.195381,-2.383303,-1.932768,1.721953,-121.371482,-933.032043,3313.561523
-7.154239,1.383919,-16.808153,-2.07304,-1.363509,2.018234,-121.371482,-933.032043,3313.561523
-6.416788,1.211528,-15.108183,-1.967977,-1.183343,1.163879,-112.201187,-930.694519,3322.40332
-8.054506,2.44221,-12.804843,-1.054632,-0.316604,-0.523792,-112.201187,-930.694519,3322.40332
-7.024946,5.722434,-9.333074,-0.252209,0.278488,-1.422489,-112.201187,-930.694519,3322.40332
-1.776588,5.435115,-8.049716,0.585235,0.244932,-1.228209,-112.201187,-930.694519,3322.40332
-2.945018,6.388056,-7.628315,3.23299,2.727036,-0.092619,-114.89833,-942.382141,3279.581787
-2.892343,5.305821,-8.35619,3.325003,2.875776,0.178494,-114.89833,-942.382141,3279.581787
-3.553176,5.885248,-10.970791,4.125029,3.392969,0.412057,-137.913955,-935.549377,3257.390869
-5.066389,6.608334,-12.220628,4.269374,3.510017,0.713132,-137.913955,-935.549377,3257.390869
-4.328937,3.840495,-14.078624,4.111846,3.565811,0.497812,-137.913955,-935.549377,3257.390869
-3.32811,2.51404,-12.163165,3.83767,3.175918,-0.413802,-137.913955,-935.549377,3257.390869
-3.299378,3.677681,-11.191069,3.242577,2.372564,-0.844175,-147.264068,-903.183593,3268.486328
-3.304167,2.26503,-5.650604,0.581373,0.604864,-0.246286,-147.264068,-903.183593,3268.486328
-6.148623,2.940229,-5.751165,-0.73598,-0.673473,-0.190892,-147.264068,-903.183593,3268.486328
6.474251,-2.978539,-19.370079,-1.698194,-2.085769,-0.426851,-147.264068,-903.183593,3268.486328
0.325628,0.670411,-17.06195,-1.041316,-0.784395,-1.017683,-100.333755,-886.461303,3366.091796
-2.384746,2.557138,-12.905405,-1.502715,-1.006773,-1.504516,-100.333755,-886.461303,3366.091796
-3.002482,5.712856,-11.914155,-0.928796,-1.686022,-1.107432,-100.333755,-886.461303,3366.091796
-2.820513,6.967482,-11.617259,-0.834918,-1.398929,0.004454,-100.333755,-886.461303,3366.091796
-2.8684,-0.17718,-15.065085,-1.014817,-1.177617,1.433395,-114.89833,-916.849121,3308.013916
-2.494885,-0.905054,-12.962869,-0.704154,-0.655763,-0.199547,-114.89833,-916.849121,3308.013916
-1.747856,1.403074,-12.00035,-0.533576,-0.634058,-0.738978,-114.89833,-916.849121,3308.013916
-1.59462,3.074312,-13.044276,-0.542764,-0.602232,-0.103539,-114.89833,-916.849121,3308.013916
-1.680815,1.987289,-12.507947,-0.492164,-0.527796,0.436825,-114.89833,-916.849121,3308.013916
-1.752645,-0.167603,-12.278093,-0.481777,-0.489978,0.595818,-115.617576,-911.454833,3300.039062
-1.613774,-0.067041,-12.340345,-0.464866,-0.480258,0.16651,-115.617576,-911.454833,3300.039062
-1.431806,0.292108,-11.995562,-0.491232,-0.486916,0.088878,-115.617576,-911.454833,3300.039062
-1.599408,0.383092,-12.201474,-0.61547,-0.559488,0.144139,-116.336814,-904.981689,3292.410888
-1.728702,0.63689,-12.493581,-0.662875,-0.595308,0.132288,-116.336814,-904.981689,3292.410888
-0.900266,0.866745,-12.177531,-0.750361,-0.636055,0.134285,-116.336814,-904.981689,3292.410888
-0.694354,-0.028732,-12.426541,-0.953297,-0.817952,0.412324,-116.336814,-904.981689,3292.410888
-0.703931,0.35436,-12.60851,-1.077402,-0.908367,0.436159,-113.819473,-906.779785,3291.370605
-1.743068,1.144487,-13.322017,-1.358237,-1.069891,0.6612,-113.819473,-906.779785,3291.370605
0.91942,1.264203,-17.306171,-2.08569,-1.665516,1.26548,-113.819473,-906.779785,3291.370605
4.841322,-0.057464,-23.857042,-2.410867,-1.906402,1.545915,-98.715469,-924.041564,3316.682128
0.359149,-0.560272,-22.679033,-2.277973,-1.682693,2.074561,-98.715469,-924.041564,3316.682128
-7.700145,1.953768,-14.672416,-1.890611,-0.906636,1.311687,-98.715469,-924.041564,3316.682128
-6.914807,1.747856,-13.082585,-1.586606,-0.797578,0.227098,-98.715469,-924.041564,3316.682128
-8.025774,5.612295,-9.543775,-0.451683,0.209645,-1.044714,-89.365371,-919.366455,3306.626953
-3.184451,5.818207,-6.910018,0.438892,0.305387,-1.128871,-89.365371,-919.366455,3306.626953
-0.828436,2.332071,-8.677029,0.682441,0.257982,-0.601824,-89.365371,-919.366455,3306.626953
-3.567542,3.208394,-9.519831,2.384893,1.604763,-0.73525,-101.412612,-915.230834,3273.513916
-4.793436,5.281878,-8.586046,2.954552,2.348728,-0.828995,-101.412612,-915.230834,3273.513916
-2.767838,5.253146,-8.360979,3.052824,2.670576,-0.752161,-101.412612,-915.230834,3273.513916
-1.905882,4.486963,-10.932482,3.486926,3.139566,-0.356276,-101.412612,-915.230834,3273.513916
-2.293762,5.660181,-12.680338,3.882944,3.465409,-0.046147,-101.412612,-915.230834,3273.513916
-4.084716,7.254801,-13.762573,3.939937,3.596837,1.431398,-117.415672,-931.233947,3277.50122
-5.894825,4.879631,-13.647645,3.829813,3.195893,1.509563,-117.415672,-931.233947,3277.50122
-4.281051,-0.081407,-12.14401,3.475208,2.583755,-0.074243,-117.415672,-931.233947,3277.50122
-4.558792,0.852379,-10.645164,2.910876,2.229283,-1.437936,-117.415672,-931.233947,3277.50122
-1.513213,4.175701,-8.083237,0.858878,0.737624,-1.90879,-148.522735,-880.707397,3245.428466
-5.674547,6.886075,-5.650604,-1.064352,-1.30878,-0.447757,-148.522735,-880.707397,3245.428466
1.704759,1.513213,-10.951637,-1.692868,-2.082573,0.071034,-148.522735,-880.707397,3245.428466
4.228375,-5.34413,-22.875368,-0.513203,-1.00877,0.06371,-119.933006,-831.259765,3333.325439
-0.407035,-1.422228,-16.228725,-1.046775,-0.571206,-1.231538,-119.933006,-831.259765,3333.325439
-2.418267,3.874016,-13.379482,-1.301244,-1.705331,-1.967913,-119.933006,-831.259765,3333.325439
-4.233164,6.823822,-9.471945,-0.867808,-1.260176,0.253197,-119.933006,-831.259765,3333.325439
-4.400767,3.701624,-12.752168,-1.121878,-1.28521,1.363486,-119.933006,-831.259765,3333.325439
-2.001655,-2.365592,-16.698013,-0.948237,-0.802239,0.556003,-109.504043,-927.637756,3306.626953
-2.188412,-0.42619,-12.661184,-0.586974,-0.444837,-0.668004,-109.504043,-927.637756,3306.626953
-1.412651,3.720779,-12.282881,-0.466464,-0.601567,-1.076939,-109.504043,-927.637756,3306.626953
-1.599408,-0.857168,-12.297247,-0.529848,-0.536185,0.853882,-111.122329,-917.388549,3305.760009
-1.972923,-0.799704,-12.354711,-0.506145,-0.522603,0.068371,-111.122329,-917.388549,3305.760009
-1.470115,0.311262,-12.091335,-0.522524,-0.528462,-0.159998,-111.122329,-917.388549,3305.760009
-1.527578,1.225894,-12.00035,-0.631849,-0.597172,0.031619,-115.797386,-901.924926,3292.930908
-1.436594,1.340821,-13.02991,-0.739575,-0.701304,0.203262,-115.797386,-901.924926,3292.930908
-1.048714,1.16843,-12.704282,-0.762345,-0.698374,0.289949,-115.797386,-901.924926,3292.930908
-1.355187,-0.28253,-12.024294,-0.958224,-0.771612,0.509264,-115.797386,-901.924926,3292.930908
-1.283357,-0.306473,-12.474427,-1.097909,-0.868286,0.490755,-114.179092,-902.464355,3290.330566
-0.756606,0.311262,-13.298074,-1.430809,-1.036601,0.350005,-114.179092,-902.464355,3290.330566
0.70872,0.928998,-16.377174,-1.893008,-1.517042,0.943366,-114.179092,-902.464355,3290.330566
2.54756,0.134082,-18.412349,-2.169847,-1.72597,1.294642,-114.179092,-902.464355,3290.330566
4.98977,0.086196,-23.196208,-2.543494,-2.002278,1.45763,-94.400039,-920.445312,3336.792724
1.661661,1.221105,-21.481872,-2.339493,-1.83383,1.758705,-94.400039,-920.445312,3336.792724
-7.460712,3.548388,-14.255804,-1.838279,-1.266834,1.797322,-94.400039,-920.445312,3336.792724
-6.72805,2.887554,-13.709898,-1.59393,-1.251121,0.809407,-94.400039,-920.445312,3336.792724
-6.637065,3.241914,-10.726571,-0.537438,-0.008605,-0.384906,-84.870132,-918.827026,3312.348144
-5.492578,6.091159,-5.703279,0.629976,0.574903,-1.188926,-84.870132,-918.827026,3312.348144
-2.815725,3.639372,-6.876498,0.730113,0.36451,-0.990651,-84.870132,-918.827026,3312.348144
-2.212355,3.112621,-9.697011,1.979554,1.251089,-1.200112,-84.870132,-918.827026,3312.348144
-3.897959,5.02808,-9.069699,2.625114,2.078147,-1.34752,-103.929946,-920.625122,3268.312988
-3.332899,6.40721,-7.599584,3.10196,2.64461,-0.956163,-103.929946,-920.625122,3268.312988
-1.494058,6.349746,-10.08968,3.386923,2.953142,-0.09515,-103.929946,-920.625122,3268.312988
-1.87715,6.608334,-11.502331,3.691593,3.364473,0.521648,-103.929946,-920.625122,3268.312988
-3.78782,6.704106,-13.671588,3.937939,3.620806,2.058448,-123.349388,-930.694519,3270.73999
-4.649776,3.912325,-13.264554,3.946595,3.323859,2.224366,-123.349388,-930.694519,3270.73999
-3.974577,-0.220278,-13.096951,3.466153,2.198257,0.278098,-123.349388,-930.694519,3270.73999
-3.356842,2.360803,-9.452791,2.071701,1.55829,-1.62649,-123.349388,-930.694519,3270.73999
-2.643333,2.375169,-8.633932,0.955286,0.787692,-1.829293,-144.566925,-881.786254,3240.574218
-2.710374,4.554004,-8.207742,-1.203904,-1.252986,-1.35764,-144.566925,-881.786254,3240.574218
-6.502983,2.078273,-8.542947,-1.438266,-0.964561,-0.675195,-152.298736,-893.473876,3223.410888
-4.194855,5.123853,-9.864614,-1.042514,-1.762589,-1.20424,-152.298736,-893.473876,3223.410888
-1.302512,8.509427,-15.678032,-0.886051,-1.630095,-0.364666,-152.298736,-893.473876,3223.410888
-2.552349,-0.014366,-14.44735,-0.809484,-0.74245,0.811537,-152.298736,-893.473876,3223.410888
-2.696008,-0.129293,-11.784862,-0.567133,-0.585987,0.208988,-152.298736,-893.473876,3223.410888
-1.541944,2.092639,-13.451311,-0.522524,-0.751505,-0.419394,-149.062164,-865.063964,3257.043945
-2.130948,1.268992,-12.522314,-0.456077,-0.513282,0.30007,-149.062164,-865.063964,3257.043945
-1.843629,0.474076,-11.741764,-0.44649,-0.454158,0.450008,-149.062164,-865.063964,3257.043945
-0.957729,-0.339994,-12.737803,-0.488169,-0.531391,0.16398,-115.617576,-893.473876,3291.370605
-0.909843,0.043098,-12.474427,-0.493229,-0.53219,0.057186,-115.617576,-893.473876,3291.370605
-1.460537,0.454922,-11.325152,-0.592167,-0.598371,0.221505,-115.617576,-893.473876,3291.370605
-1.297723,0.569849,-12.857519,-0.757285,-0.721277,0.191145,-115.617576,-893.473876,3291.370605
-1.69997,1.264203,-12.871885,-0.778058,-0.715552,0.167842,-108.784805,-895.99121,3292.410888
-2.456576,2.51404,-11.765707,-0.790176,-0.70876,0.243343,-108.784805,-895.99121,3292.410888
-2.245876,2.461365,-12.474427,-0.860351,-0.783863,0.385825,-108.784805,-895.99121,3292.410888
-1.589831,1.192373,-12.967658,-0.96648,-0.812892,0.653343,-108.784805,-895.99121,3292.410888
-0.378303,-0.608158,-13.149626,-1.315226,-0.946851,0.678511,-109.324234,-900.126831,3291.543945
0.220278,-1.441383,-13.719475,-1.592865,-1.108773,0.691693,-109.324234,-900.126831,3291.543945
0.818859,0.478865,-17.98137,-2.083293,-1.712788,0.988374,-109.324234,-900.126831,3291.543945
3.830918,1.24026,-22.219324,-2.33936,-2.001212,1.171869,-109.324234,-900.126831,3291.543945
-0.153237,1.331244,-21.759613,-2.297015,-1.868185,2.381228,-60.236217,-933.391662,3387.069091
-9.304343,3.280223,-13.250187,-1.61457,-0.861362,1.612362,-60.236217,-933.391662,3387.069091
-10.702628,2.107005,-11.420925,-1.192186,-0.534188,0.348407,-60.236217,-933.391662,3387.069091
-5.9475,5.540465,-7.810284,-0.379777,-0.346299,-1.090255,-60.236217,-933.391662,3387.069091
-2.916286,5.650604,-6.957905,0.06378,-0.303688,-1.451119,-119.213768,-935.908996,3234.159667
0.301685,3.117409,-9.342652,1.352902,0.380223,-0.806224,-119.213768,-935.908996,3234.159667
-3.39994,6.364112,-7.64747,2.977056,1.766286,-0.382642,-119.213768,-935.908996,3234.159667
-2.413478,6.258762,-7.154239,3.139112,2.024084,-0.228975,-119.213768,-935.908996,3234.159667
-2.260241,4.587524,-11.607682,3.687731,3.187637,-0.252545,-117.415672,-939.505187,3253.923339
-4.055984,8.835055,-15.160859,3.750183,3.878205,0.518186,-117.415672,-939.505187,3253.923339
-4.731184,7.302687,-14.231861,3.652444,3.931868,1.117939,-117.415672,-939.505187,3253.923339
-3.988943,-0.483653,-13.168781,3.466286,3.263272,0.320177,-129.822525,-925.300231,3296.051513
-1.905882,0.181969,-12.120067,2.530703,2.193064,-1.861118,-129.822525,-925.300231,3296.051513
0.263376,1.388708,-8.614777,1.509365,1.595974,-1.999205,-129.822525,-925.300231,3296.051513
-4.688086,3.385574,-6.718472,-0.619598,-0.72181,-1.057897,-129.822525,-925.300231,3296.051513
-4.53006,3.227548,-8.830266,-1.262628,-1.569374,-0.907426,-178.371124,-900.126831,3206.594238
4.860477,-2.921075,-19.408388,-1.15357,-1.586152,-0.662811,-178.371124,-900.126831,3206.594238
2.193201,2.241087,-14.289324,-0.872469,-0.748176,-1.418761,-178.371124,-900.126831,3206.594238
-0.823647,3.002482,-13.13526,-1.194716,-1.047786,-1.526487,-178.371124,-900.126831,3206.594238
-2.351226,3.71599,-13.293286,-0.876064,-1.794681,-0.736848,-138.27359,-915.770263,3315.29541
-2.734318,4.577947,-11.40177,-0.658081,-1.415308,0.078624,-138.27359,-915.770263,3315.29541
-2.643333,-0.498019,-13.997217,-0.924002,-1.128348,1.504103,-138.27359,-915.770263,3315.29541
-1.652083,-1.661661,-13.958908,-0.814145,-0.659491,-0.359605,-151.219879,-866.142822,3292.757568
-1.537156,1.139698,-11.918944,-0.622794,-0.577331,-1.313032,-151.219879,-866.142822,3292.757568
-0.435767,4.664143,-12.905405,-0.587639,-0.698241,-0.761349,-151.219879,-866.142822,3292.757568
-1.16843,3.720779,-12.7809,-0.620264,-0.650969,0.226832,-151.219879,-866.142822,3292.757568
-1.786165,0.699142,-12.302036,-0.612008,-0.535919,0.976256,-151.219879,-866.142822,3292.757568
-1.642506,-0.330417,-12.60372,-0.612407,-0.532723,0.678244,-126.58596,-906.599975,3315.46875
-1.398285,0.344783,-12.469638,-0.587773,-0.518741,-0.022444,-126.58596,-906.599975,3315.46875
-1.134909,0.928998,-11.923732,-0.608279,-0.506091,-0.09768,-126.58596,-906.599975,3315.46875
-0.924209,0.344783,-12.46485,-0.847967,-0.600901,0.068504,-126.58596,-906.599975,3315.46875
-1.642506,1.41744,-12.148799,-0.957558,-0.627266,-0.024841,-125.507102,-906.959594,3313.388183
-1.632929,2.025598,-11.981196,-1.011355,-0.653765,-0.086627,-125.507102,-906.959594,3313.388183
-2.207566,3.174873,-12.196685,-1.074473,-0.697442,-0.04122,-125.507102,-906.959594,3313.388183
-2.178835,2.801359,-12.32119,-1.164356,-0.692648,0.073697,-125.507102,-906.959594,3313.388183
-2.269819,2.150103,-12.469638,-1.277808,-0.668679,0.236685,-121.011863,-916.489501,3311.82788
-0.905054,2.705586,-13.580604,-1.436801,-0.772411,0.254529,-121.011863,-916.489501,3311.82788
3.380785,2.193201,-23.981546,-2.288094,-1.145792,1.135516,-101.952041,-939.145568,3357.596923
0.593792,1.043925,-23.00945,-2.375047,-0.79132,1.58573,-101.952041,-939.145568,3357.596923
-10.539813,-0.158025,-13.56145,-2.104732,0.410716,1.067338,-101.952041,-939.145568,3357.596923
-11.200647,-2.025598,-11.966831,-1.880091,0.76146,-0.523659,-101.952041,-939.145568,3357.596923
-9.500677,0.320839,-7.910845,-1.606714,1.74032,-3.31749,-174.595123,-861.108154,3195.672119
-8.681818,5.296244,-5.052023,-1.002433,1.738455,-4.362664,-174.595123,-861.108154,3195.672119
-4.822168,4.965827,-6.450308,-0.906558,1.557091,-3.932424,-174.595123,-861.108154,3195.672119
-2.8684,6.364112,-9.318708,0.019171,2.335945,-2.062057,-174.595123,-861.108154,3195.672119
-5.0616,6.26834,-9.155895,0.489759,3.166064,-0.936189,-174.595123,-861.108154,3195.672119
-5.7368,1.795743,-9.203781,1.061282,3.64837,0.392483,-146.185211,-949.574523,3238.667236
-6.546081,-1.029559,-10.707416,1.392984,3.667013,0.198868,-146.185211,-949.574523,3238.667236
-9.476734,0.732663,-13.724264,2.562396,3.857964,-1.8494,-146.185211,-949.574523,3238.667236
-5.760743,3.170084,-16.966176,2.244809,3.706961,-2.582447,-119.033958,-918.467407,3306.453613
-6.330592,2.23151,-14.844807,2.094871,3.713352,-2.553951,-119.033958,-918.467407,3306.453613
-5.918768,-0.138871,-12.670762,2.131889,2.669111,-3.381274,-119.033958,-918.467407,3306.453613
-4.649776,0.435767,-13.705109,2.090476,2.22955,-4.23443,-119.033958,-918.467407,3306.453613
-3.194028,4.266685,-13.259765,2.090609,1.919819,-4.362664,-147.264068,-914.691406,3305.933593
-1.743068,4.611467,-12.364288,1.899658,1.784795,-3.614304,-147.264068,-914.691406,3305.933593
-1.661661,2.997693,-11.885423,1.688732,1.679732,-2.809884,-147.264068,-914.691406,3305.933593
-1.398285,0.770972,-10.535025,1.139846,1.072255,-2.235565,-147.264068,-914.691406,3305.933593
-1.767011,1.637717,-9.074487,0.871396,0.575169,-2.253009,-147.264068,-914.691406,3305.933593
-1.786165,2.494885,-10.295593,0.073367,-0.423665,-2.077104,-175.67398,-906.779785,3279.581787
-3.031214,1.723913,-10.573334,-0.355941,-0.794382,-2.357806,-175.67398,-906.779785,3279.581787
-3.352053,2.600235,-10.151933,-0.360202,-0.879472,-2.641437,-175.67398,-906.779785,3279.581787
3.965,2.37038,-15.007621,-0.261664,-1.160972,-2.154736,-158.052642,-933.751281,3306.973632
6.737627,8.380133,-25.178707,-0.517464,-1.353389,-1.609712,-158.052642,-933.751281,3306.973632
0.660833,6.043273,-10.372211,-0.148078,-0.804769,-0.551755,-158.052642,-933.751281,3306.973632
-5.990598,3.658527,-8.988291,-0.353544,-1.00664,0.690894,-158.052642,-933.751281,3306.973632
-1.427017,1.853207,-11.334729,-0.06685,-0.225256,-1.813048,-147.983306,-936.628234,3328.471191
0.10535,3.553176,-11.119239,-0.11865,-0.37373,-1.625425,-147.983306,-936.628234,3328.471191
-0.632101,2.475731,-13.446522,-0.357139,-0.470138,-0.399021,-147.983306,-936.628234,3328.471191
-0.411824,2.274607,-13.374692,-0.394025,-0.364142,-0.358274,-144.566925,-929.97528,3335.232421
-1.398285,2.322494,-12.249361,-0.399351,-0.228585,-0.538306,-144.566925,-929.97528,3335.232421
-0.660833,2.739106,-12.584566,-0.414798,-0.19423,-0.353746,-144.566925,-929.97528,3335.232421
-0.828436,2.23151,-12.311613,-0.426782,-0.149222,-0.280642,-144.566925,-929.97528,3335.232421
-0.972095,2.767838,-12.067392,-0.393625,-0.09942,-0.551755,-147.983306,-934.1109,3326.390869
-1.268992,3.285012,-11.832748,-0.390962,-0.050018,-0.674263,-147.983306,-934.1109,3326.390869
-0.344783,3.658527,-12.81921,-0.426915,-0.074519,-0.522993,-147.983306,-934.1109,3326.390869
-0.330417,3.136564,-12.637241,-0.460072,-0.033905,-0.310336,-147.983306,-934.1109,3326.390869
-0.023943,1.862784,-12.823998,-0.611209,-0.06866,-0.100875,-148.522735,-940.404235,3326.910888
0.196335,1.489269,-12.886251,-0.706152,-0.070924,-0.135497,-148.522735,-940.404235,3326.910888
0.617735,1.59462,-12.881462,-0.977932,-0.151219,-0.062126,-148.522735,-940.404235,3326.910888
0.263376,0.402246,-14.164819,-1.416561,-0.316071,0.336422,-148.522735,-940.404235,3326.910888
0.617735,-0.866745,-16.468158,-1.729753,-0.418871,0.44082,-147.264068,-939.864807,3330.898437
1.427017,-2.001655,-18.12503,-2.193284,-0.407686,0.077825,-147.264068,-939.864807,3330.898437
1.139698,-1.838841,-16.669281,-2.440295,-0.243766,-0.039622,-147.264068,-939.864807,3330.898437
-5.569197,-1.422228,-16.056335,-2.44682,-0.256549,-0.569865,-147.264068,-939.864807,3330.898437
-7.728877,2.164469,-12.551045,-1.575155,-0.020856,-2.123178,-144.387115,-930.15509,3320.496337
-8.188588,4.67372,-11.114451,-1.361433,0.023487,-2.917877,-144.387115,-930.15509,3320.496337
-2.284185,2.988116,-11.583739,-1.119348,0.052116,-3.393259,-144.387115,-930.15509,3320.496337
-2.427844,0.656045,-12.172742,-0.628386,0.432288,-3.266623,-144.387115,-930.15509,3320.496337
-5.717645,3.553176,-9.95081,1.159421,1.411814,-3.180469,-132.699478,-959.823669,3296.398437
-2.753472,7.762397,-10.62122,1.920564,1.939927,-1.941813,-132.699478,-959.823669,3296.398437
-2.130948,7.877325,-11.310786,1.993802,2.400927,-0.8764,-132.699478,-959.823669,3296.398437
-3.907536,5.138219,-10.051371,2.623383,3.183509,0.913804,-132.699478,-959.823669,3296.398437
-4.587524,2.839668,-9.778418,3.136182,3.189368,1.055353,-154.99588,-961.981384,3299.519042
-2.26503,6.162989,-16.113798,4.062444,3.011865,-0.964818,-154.99588,-961.981384,3299.519042
-3.43346,3.562754,-11.076142,3.459362,2.763522,-0.145484,-180.888458,-922.782897,3293.277832
-2.873188,0.732663,-9.898135,1.860642,1.187838,-0.983194,-180.888458,-922.782897,3293.277832
-3.572331,1.848418,-7.700145,0.843565,0.431489,-1.498124,-180.888458,-922.782897,3293.277832
-4.644988,4.405556,-7.317053,-1.024271,-1.308513,-1.369625,-180.888458,-922.782897,3293.277832
0.684777,1.101389,-11.138394,-1.565567,-1.981105,-1.104237,-180.888458,-922.782897,3293.277832
3.816552,-2.470942,-20.409215,-0.727591,-0.987331,-1.158832,-176.213409,-946.87738,3304.71997
-0.311262,0.957729,-12.766534,-0.813612,-0.374928,-1.964584,-176.213409,-946.87738,3304.71997
-0.699142,4.841322,-14.284536,-1.40431,-1.33701,-2.50548,-176.213409,-946.87738,3304.71997
-0.952941,7.240435,-13.52793,-0.837448,-1.315038,-1.836084,-176.213409,-946.87738,3304.71997
-2.61939,6.153412,-11.334729,-0.65342,-1.001313,1.044967,-160.569976,-967.9151,3322.57666
-2.135737,-2.063907,-15.242265,-0.691504,-1.024616,1.849654,-160.569976,-967.9151,3322.57666
-2.456576,-3.385574,-15.069874,-0.570329,-0.723674,0.848556,-160.569976,-967.9151,3322.57666
-2.011232,1.958557,-11.923732,-0.244752,-0.476396,-1.115555,-160.569976,-967.9151,3322.57666
-0.804493,3.792609,-12.905405,-0.261797,-0.486383,-0.900768,-148.522735,-939.325378,3324.830566
-1.058291,1.608985,-12.962869,-0.308136,-0.412879,0.575977,-148.522735,-939.325378,3324.830566
-1.575465,-1.0966,-12.551045,-0.318523,-0.333782,0.496747,-148.522735,-939.325378,3324.830566
-1.508424,-0.656045,-12.311613,-0.298149,-0.302356,0.065708,-148.522735,-939.325378,3324.830566
-0.593792,1.077446,-12.081758,-0.331306,-0.336179,-0.101009,-162.547882,-929.97528,3315.46875
-1.02477,0.838013,-12.100913,-0.378045,-0.362544,0.1231,-162.547882,-929.97528,3315.46875
-1.06308,0.033521,-12.551045,-0.472323,-0.426195,0.119638,-162.547882,-929.97528,3315.46875
-1.106178,0.316051,-12.46485,-0.519461,-0.429124,-0.046812,-162.547882,-929.97528,3315.46875
-1.513213,1.59462,-12.53668,-0.587107,-0.475065,-0.065721,-158.95169,-936.448425,3315.46875
-1.115755,1.259414,-12.39302,-0.662609,-0.521804,0.219641,-158.95169,-936.448425,3315.46875
-0.148448,0.090984,-12.488793,-0.7457,-0.593976,0.325503,-158.95169,-936.448425,3315.46875
-0.124505,-1.537156,-12.043449,-1.056363,-0.790388,0.372242,-158.95169,-936.448425,3315.46875
-1.37913,-0.890688,-12.493581,-1.273547,-0.915691,0.295276,-159.1315,-932.672424,3308.360595
0.421401,1.819686,-15.433811,-1.614969,-1.256981,0.670388,-159.1315,-932.672424,3308.360595
4.625833,-0.641679,-23.344655,-2.813676,-1.923447,1.238049,-131.80043,-960.363098,3367.305419
-4.678508,2.566715,-17.018852,-2.277041,-1.327156,1.626211,-131.80043,-960.363098,3367.305419
-7.714511,3.50529,-13.571027,-1.83495,-1.036867,1.044301,-131.80043,-960.363098,3367.305419
-8.059294,5.377651,-10.319536,-1.244252,-0.741118,-0.441099,-131.80043,-960.363098,3367.305419
-4.812591,6.024118,-8.557313,-0.86368,-0.548303,-0.909956,-149.421783,-965.397766,3283.742431
-0.608158,3.706413,-7.460712,0.338755,0.075819,-0.696634,-149.421783,-965.397766,3283.742431
-1.580254,2.561926,-7.623527,1.086183,0.565715,-0.320456,-149.421783,-965.397766,3283.742431
-4.400767,4.731184,-6.838189,2.515789,1.472668,-0.357075,-149.421783,-965.397766,3283.742431
-2.135737,4.094294,-8.404077,3.018868,1.76562,-0.436439,-155.715118,-969.533386,3258.604248
-2.581081,4.003309,-9.481522,3.240979,2.053113,-0.40235,-155.715118,-969.533386,3258.604248
-3.160507,5.880459,-10.860652,3.884675,2.881368,-0.524191,-155.715118,-969.533386,3258.604248
-4.07035,7.546908,-12.230206,4.045,3.265801,-0.222584,-155.715118,-969.533386,3258.604248
-3.036002,9.208569,-13.427368,4.018634,3.949445,1.515422,-143.308258,-980.861389,3309.400878
-4.429499,5.540465,-11.215013,4.123298,3.896448,2.471644,-143.308258,-980.861389,3309.400878
-3.57712,-4.276262,-14.619741,3.879748,2.142463,1.703177,-143.308258,-980.861389,3309.400878
-2.719952,-3.950634,-13.542295,3.241778,1.408751,-0.474922,-143.308258,-980.861389,3309.400878
-3.012059,4.788647,-6.067216,0.19947,-0.02232,-2.796568,-143.308258,-980.861389,3309.400878
5.607506,0.45971,-13.973274,-1.496856,-2.044889,-1.625558,-196.352081,-903.723022,3196.192138
10.271649,-0.550694,-21.759613,-1.059026,-1.698806,-0.846439,-196.352081,-903.723022,3196.192138
-0.287319,4.099082,-12.847942,-1.134528,-0.69904,-1.157501,-196.352081,-903.723022,3196.192138
-4.764704,2.097428,-13.369904,-1.436136,-1.279751,-1.234733,-196.352081,-903.723022,3196.192138
-2.83009,4.386401,-12.953291,-0.834385,-1.450595,-1.01422,-139.532257,-952.271667,3309.227539
-1.743068,5.918768,-10.918116,-0.556613,-1.071888,0.09234,-139.532257,-952.271667,3309.227539
-2.365592,-2.341649,-14.576643,-0.894041,-1.159907,1.251765,-139.532257,-952.271667,3309.227539
-1.819686,-0.943364,-13.250187,-0.485506,-0.62487,-0.757488,-157.513214,-894.732543,3280.79541
-1.422228,1.652083,-11.660357,-0.392027,-0.570274,-0.892645,-157.513214,-894.732543,3280.79541
-0.861956,1.403074,-12.886251,-0.540767,-0.649771,0.267579,-157.513214,-894.732543,3280.79541
-0.928998,-0.047886,-13.187935,-0.514668,-0.602099,0.661732,-157.513214,-894.732543,3280.79541
-1.16843,0.263376,-12.345133,-0.596028,-0.559887,0.121901,-130.541763,-927.817565,3303.679687
-1.613774,0.172391,-12.383442,-0.633846,-0.571606,0.224701,-130.541763,-927.817565,3303.679687
-1.834052,0.799704,-12.124855,-0.688708,-0.590115,0.160251,-130.541763,-927.817565,3303.679687
-1.853207,1.043925,-12.124855,-0.734249,-0.606627,0.128426,-126.046531,-932.672424,3302.812988
-1.87715,1.403074,-12.790477,-0.770468,-0.677867,0.221638,-126.046531,-932.672424,3302.812988
-1.690392,0.794915,-12.043449,-0.857954,-0.69105,0.340018,-126.046531,-932.672424,3302.812988
-2.020809,-0.148448,-11.899789,-0.973537,-0.730732,0.330696,-126.046531,-932.672424,3302.812988
-1.106178,0.009577,-12.651607,-1.212027,-0.900245,0.156257,-124.787864,-931.054138,3295.704833
0.191546,1.235471,-13.571027,-1.360767,-1.087201,0.359326,-124.787864,-931.054138,3295.704833
1.192373,1.0966,-16.616605,-1.856921,-1.478825,1.16308,-124.787864,-931.054138,3295.704833
2.590658,0.186757,-17.430677,-2.132696,-1.604395,1.278397,-124.787864,-931.054138,3295.704833
3.007271,1.230682,-22.224113,-2.615001,-1.854869,1.344977,-103.210708,-952.631286,3340.780273
0.162814,1.518001,-19.796268,-2.431241,-1.614915,1.446844,-103.210708,-952.631286,3340.780273
-9.711378,3.984155,-13.417791,-1.83748,-0.948582,0.980118,-103.210708,-952.631286,3340.780273
-5.023291,3.462192,-10.903751,-1.588604,-0.858965,-0.415533,-103.210708,-952.631286,3340.780273
-2.08785,2.76305,-10.281227,-0.894973,-0.856701,-0.766676,-117.235862,-950.473571,3282.182128
-1.326455,4.582736,-9.208569,0.970999,0.388212,-0.255874,-117.235862,-950.473571,3282.182128
-2.279396,6.129469,-8.451963,1.703513,1.02485,0.278897,-117.235862,-950.473571,3282.182128
-3.811763,4.362458,-8.394499,2.141743,1.677335,0.691693,-117.235862,-950.473571,3282.182128
-3.615429,1.479692,-8.576468,2.423776,1.861628,0.510063,-117.235862,-950.473571,3282.182128
-4.60189,1.441383,-9.390538,3.253363,2.32942,-0.792376,-132.879287,-945.978332,3268.833007
-3.22276,5.870882,-11.914155,3.759505,2.806266,-1.649261,-132.879287,-945.978332,3268.833007
-2.748684,8.006619,-14.466505,3.684935,3.179647,-1.201577,-132.879287,-945.978332,3268.833007
-4.055984,8.035351,-13.685955,3.691726,3.917088,0.908877,-135.216812,-964.858337,3325.177246
-4.132603,4.429499,-13.02991,3.719024,3.721209,1.42434,-135.216812,-964.858337,3325.177246
-3.850073,-1.331244,-11.856692,3.709436,2.576565,0.202863,-135.216812,-964.858337,3325.177246
-4.166123,2.44221,-8.092815,1.666494,0.980508,-1.91345,-135.216812,-964.858337,3325.177246
-4.228375,3.53881,-6.507772,0.260857,0.123889,-1.956195,-167.942169,-908.038452,3250.282714
2.255453,3.131775,-8.183799,-1.44053,-1.854337,-1.156169,-167.942169,-908.038452,3250.282714
-6.273128,2.40869,-9.965176,-1.483807,-1.369634,-1.030066,-167.942169,-908.038452,3250.282714
-3.998521,3.797397,-10.659529,-1.368357,-1.949413,-1.568566,-180.708648,-934.47052,3245.601806
-1.398285,5.784686,-12.182319,-0.810949,-1.232479,0.465188,-180.708648,-934.47052,3245.601806
-2.174046,-2.212355,-14.404252,-1.180202,-1.176685,1.294243,-180.708648,-934.47052,3245.601806
-1.570676,-1.992077,-13.662012,-0.965415,-1.027679,0.438423,-180.708648,-934.47052,3245.601806
-1.920248,2.537983,-11.928522,-0.699361,-1.024084,-0.833788,-156.973785,-899.947021,3294.838134
-2.356014,4.376824,-12.474427,-0.623992,-1.060037,-0.595166,-156.973785,-899.947021,3294.838134
-3.342476,3.021636,-12.431329,-0.602154,-0.88573,0.573048,-156.973785,-899.947021,3294.838134
-4.041618,1.422228,-12.278093,-0.570329,-0.762557,0.855214,-156.973785,-899.947021,3294.838134
-3.548388,0.033521,-12.60851,-0.490433,-0.613817,0.414454,-130.002334,-927.997375,3317.375732
-2.930652,0.258587,-12.823998,-0.489367,-0.562418,0.094204,-130.002334,-927.997375,3317.375732
-2.662488,1.249837,-11.588527,-0.518662,-0.409816,-0.083964,-130.002334,-927.997375,3317.375732
-2.504462,1.867572,-12.053026,-0.612407,-0.469205,0.071966,-130.002334,-927.997375,3317.375732
-2.844457,2.351226,-12.033871,-0.607747,-0.461216,0.111781,-125.147483,-934.650329,3316.855712
-2.844457,2.748684,-12.335556,-0.622661,-0.455889,0.103925,-125.147483,-934.650329,3316.855712
-2.892343,3.021636,-12.689916,-0.607747,-0.462281,0.148933,-125.147483,-934.650329,3316.855712
-2.614601,2.23151,-12.302036,-0.63318,-0.415675,0.292879,-125.147483,-934.650329,3316.855712
-1.489269,0.809281,-13.714687,-0.835051,-0.630995,0.307127,-123.529197,-939.145568,3317.375732
0.191546,0.785338,-14.164819,-1.02254,-0.825542,0.228962,-123.529197,-939.145568,3317.375732
2.959384,0.488442,-16.970966,-1.656249,-1.241135,0.689696,-123.529197,-939.145568,3317.375732
5.320187,-0.833225,-19.638242,-2.031627,-1.517175,1.134717,-123.529197,-939.145568,3317.375732
-2.293762,-1.422228,-19.07797,-2.240023,-1.545006,1.646718,-123.529197,-939.145568,3317.375732
-9.112796,-0.158025,-16.161685,-2.081163,-1.202651,1.03285,-123.529197,-939.145568,3317.375732
-8.691395,3.146141,-11.219801,-1.658113,-0.664818,-1.052304,-123.529197,-939.145568,3317.375732
-3.629795,3.7543,-11.349095,-1.464099,-0.658026,-1.4398,-123.529197,-939.145568,3317.375732
-0.689565,4.410344,-10.487138,-0.13383,0.455858,-0.676793,-107.885757,-964.139099,3307.146972
-3.069523,4.123025,-9.213358,1.051428,1.371067,0.625113,-107.885757,-964.139099,3307.146972
-3.251492,3.198817,-9.682645,1.567556,1.505825,0.812603,-107.885757,-964.139099,3307.146972
-3.644161,4.108659,-11.028255,3.23512,2.231813,-0.929797,-129.462905,-943.640808,3287.72998
-2.609813,7.637893,-12.153588,3.449242,2.697741,-0.684649,-129.462905,-943.640808,3287.72998
-3.179662,7.618738,-12.28767,3.369479,3.000946,0.110849,-129.462905,-943.640808,3287.72998
-3.443037,3.586697,-13.140048,3.298771,3.115464,1.50863,-129.462905,-943.640808,3287.72998
-3.131775,1.034348,-14.255804,3.363753,2.775906,0.875055,-131.440811,-945.978332,3320.496337
-2.470942,1.915459,-13.389059,3.172002,2.540212,0.137881,-131.440811,-945.978332,3320.496337
-2.092639,0.91942,-6.038485,1.670889,1.686523,-0.561742,-131.440811,-945.978332,3320.496337
-2.935441,0.579426,-4.846111,0.470584,0.709794,-0.966416,-131.440811,-945.978332,3320.496337
-4.146969,4.67372,-8.657875,-1.1818,-1.273226,-1.364298,-242.203536,-860.388916,3157.878173
2.566715,2.121371,-13.408213,-1.559841,-1.815188,-0.805958,-242.203536,-860.388916,3157.878173
1.087023,-0.589004,-22.506643,-0.976467,-1.330884,0.785571,-242.203536,-860.388916,3157.878173
-5.162162,-2.83009,-16.798574,-1.720033,-1.395866,-0.091022,-242.203536,-860.388916,3157.878173
-2.820513,3.739934,-8.562102,-1.357038,-1.394801,-1.856458,-146.005401,-900.48645,3315.815429
-2.863611,8.14549,-9.088853,-0.953164,-1.39094,-1.325282,-146.005401,-900.48645,3315.815429
-2.916286,2.375169,-15.907887,-1.331472,-1.446601,1.062544,-146.005401,-900.48645,3315.815429
-4.194855,-1.173219,-12.867096,-0.832787,-0.623405,0.310323,-146.005401,-900.48645,3315.815429
-1.585042,3.490924,-12.958081,-0.656616,-0.590381,-1.169352,-155.355499,-897.969116,3288.07666
-1.082234,4.803013,-12.53189,-0.508809,-0.477994,-0.794107,-155.355499,-897.969116,3288.07666
-1.767011,2.202778,-11.54064,-0.552352,-0.453093,0.815266,-155.355499,-897.969116,3288.07666
-2.178835,0.28253,-12.263727,-0.601355,-0.518741,1.076393,-155.355499,-897.969116,3288.07666
-2.633756,-0.454922,-12.685128,-0.622661,-0.426328,0.25879,-124.967674,-927.637756,3319.802734
-1.652083,2.016021,-12.057815,-0.654752,-0.407153,-0.337767,-124.967674,-927.637756,3319.802734
-1.178007,3.112621,-12.105701,-0.67699,-0.436182,-0.098745,-124.967674,-927.637756,3319.802734
-1.120543,1.948979,-12.551045,-0.824664,-0.554295,0.624448,-118.31472,-945.798522,3322.05664
-0.818859,0.205912,-12.445695,-0.937717,-0.614616,0.711268,-118.31472,-945.798522,3322.05664
-0.632101,-2.05433,-13.092163,-1.329741,-0.793184,0.521914,-118.31472,-945.798522,3322.05664
2.341649,-0.545906,-16.24788,-1.934287,-1.195461,0.403135,-118.31472,-945.798522,3322.05664
-0.866745,1.02477,-20.897657,-2.639769,-1.552862,1.470414,-106.087661,-959.104431,3345.287841
-5.846939,3.098255,-15.290152,-2.141351,-1.107975,1.372141,-106.087661,-959.104431,3345.287841
-10.640375,5.281878,-11.550218,-1.2328,-0.773876,0.229495,-106.087661,-959.104431,3345.287841
-3.012059,4.98977,-9.768841,-0.552485,-0.662554,-0.364932,-114.718521,-956.227478,3287.3833
-1.901093,3.596274,-8.509427,-0.022774,-0.22459,-0.324584,-114.718521,-956.227478,3287.3833
-2.820513,2.035175,-7.278744,1.459164,0.648673,0.016572,-114.718521,-956.227478,3287.3833
-4.003309,3.0791,-6.847766,2.092473,1.009404,-0.294091,-114.718521,-956.227478,3287.3833
-2.700797,3.557965,-7.657047,2.629242,1.338309,-0.819141,-126.945579,-946.87738,3265.885742
-2.197989,4.24753,-10.147145,3.312619,1.812625,-1.053769,-126.945579,-946.87738,3265.885742
-1.934614,5.794263,-10.951637,3.642057,2.223158,-1.047111,-126.945579,-946.87738,3265.885742
-2.700797,7.987464,-12.862307,3.842064,3.009868,-0.0564,-126.945579,-946.87738,3265.885742
-2.959384,8.538159,-13.863135,3.900921,3.314938,0.874655,-116.336814,-960.363098,3313.214843
-5.056812,4.807802,-13.647645,3.996796,3.338107,2.273102,-116.336814,-960.363098,3313.214843
-2.523617,-0.402246,-14.471293,3.98894,2.333681,1.416883,-116.336814,-960.363098,3313.214843
-2.782204,0.555483,-11.655569,3.531535,1.834863,0.426572,-116.336814,-960.363098,3313.214843
-0.478865,0.962518,-6.26834,0.57365,0.412581,-0.268125,-151.579498,-893.114257,3281.315429
-4.041618,2.006443,-6.785513,-0.70016,-0.753769,-0.547627,-151.579498,-893.114257,3281.315429
-1.714336,0.45971,-11.205435,-1.955327,-1.898413,-1.495195,-151.579498,-893.114257,3281.315429
3.768666,-3.318533,-19.001352,-0.462469,-0.797845,-2.013187,-151.579498,-893.114257,3281.315429
2.968961,3.031214,-14.351576,-0.542099,-0.247627,-2.528916,-124.068626,-872.795776,3337.659667
0.890688,3.921902,-16.276613,-1.341192,-1.407585,-2.078835,-124.068626,-872.795776,3337.659667
0.124505,6.522138,-12.522314,-1.002433,-1.330219,-1.448988,-124.068626,-872.795776,3337.659667
-3.620217,4.381612,-10.190242,-0.803359,-1.163369,1.536727,-124.068626,-872.795776,3337.659667
-3.495712,-4.35288,-16.9566,-1.062755,-1.04712,1.279062,-122.45034,-948.855285,3302.466064
-2.643333,-2.820513,-14.485659,-0.695499,-0.577465,-0.065987,-122.45034,-948.855285,3302.466064
-1.144487,2.849245,-12.07218,-0.519728,-0.531258,-1.046711,-122.45034,-948.855285,3302.466064
-1.0966,3.672893,-12.589354,-0.538104,-0.573603,-0.410473,-122.45034,-948.855285,3302.466064
-1.915459,0.584215,-11.985985,-0.530114,-0.530992,1.013408,-106.62709,-933.751281,3320.496337
-1.776588,0.579426,-12.311613,-0.488169,-0.458819,-0.064789,-106.62709,-933.751281,3320.496337
-1.843629,1.015193,-11.468811,-0.572859,-0.490378,0.307926,-114.179092,-920.804992,3308.013916
-2.15968,0.335205,-12.110489,-0.637175,-0.553363,0.437224,-114.179092,-920.804992,3308.013916
-1.905882,0.689565,-12.699493,-0.669533,-0.557624,0.190878,-114.179092,-920.804992,3308.013916
-1.331244,1.393496,-12.402597,-0.754223,-0.617546,0.178228,-114.179092,-920.804992,3308.013916
-1.115755,0.699142,-12.761746,-0.841043,-0.685058,0.326302,-108.604995,-922.782897,3308.880615
-1.647295,-0.641679,-12.761746,-1.108029,-0.785328,0.443084,-108.604995,-922.782897,3308.880615
-0.900266,-0.134082,-12.972446,-1.243986,-0.89585,0.328699,-108.604995,-922.782897,3308.880615
0.550694,0.608158,-14.796921,-1.667701,-1.287607,0.819261,-108.604995,-922.782897,3308.880615
4.032041,-0.526751,-19.001352,-2.232832,-1.796279,1.376536,-98.715469,-934.1109,3320.843017
4.67372,-1.072657,-22.525796,-2.54163,-1.978176,1.585064,-98.715469,-934.1109,3320.843017
-3.347265,1.800531,-17.55997,-2.207265,-1.452726,1.452037,-98.715469,-934.1109,3320.843017
-6.852554,4.381612,-14.145665,-1.862514,-1.137935,1.162814,-98.715469,-934.1109,3320.843017
-7.302687,6.474251,-11.727398,-1.651855,-0.823145,0.125763,-86.308609,-952.990905,3306.453613
-2.734318,3.615429,-9.112796,-0.648893,-0.483454,-0.198215,-86.308609,-952.990905,3306.453613
-1.479692,1.283357,-8.672241,0.170974,-0.065597,-0.027238,-86.308609,-952.990905,3306.453613
-3.601063,4.257108,-8.365768,2.127495,0.898348,-0.221918,-86.308609,-952.990905,3306.453613
-2.590658,6.148623,-8.475907,2.532035,1.389576,-0.286367,-101.952041,-955.32843,3289.983642
-2.72474,4.42471,-9.021812,2.887839,2.250456,-0.146283,-101.952041,-955.32843,3289.983642
-3.878804,3.668104,-8.839843,3.200099,2.660855,-0.311402,-101.952041,-955.32843,3289.983642
-3.409517,4.735972,-10.33869,3.741262,3.211605,-1.051905,-101.952041,-955.32843,3289.983642
-4.525272,7.455924,-14.432984,3.821025,4.051579,-0.812882,-113.100234,-943.101379,3323.616943
-4.328937,7.934789,-15.29494,3.84739,4.387143,-0.273451,-113.100234,-943.101379,3323.616943
-4.831745,1.460537,-14.619741,3.595585,4.108438,-0.107533,-113.100234,-943.101379,3323.616943
-4.520483,2.308128,-12.785689,3.259489,3.35382,-0.953233,-113.100234,-943.101379,3323.616943
-2.633756,3.457403,-4.702452,1.066342,1.208345,-0.357342,-179.090362,-913.432739,3255.136962
-4.386401,4.376824,-6.962693,-1.076736,-1.681628,0.882112,-179.090362,-913.432739,3255.136962
5.401594,-1.465326,-14.648473,-1.703121,-2.211073,0.952155,-179.090362,-913.432739,3255.136962
1.958557,-1.843629,-18.747554,-0.645298,-0.748176,-0.19249,-179.090362,-913.432739,3255.136962
-1.853207,4.410344,-12.733014,-0.774596,-1.419169,-0.699829,-151.579498,-898.868164,3319.456054
-1.585042,3.059946,-12.282881,-0.778191,-0.95271,0.74802,-151.579498,-898.868164,3319.456054
-0.512385,0.589004,-14.432984,-0.782586,-1.010368,0.719923,-151.579498,-898.868164,3319.456054
-1.695181,-0.100562,-13.02991,-0.494694,-0.647507,-0.433909,-122.090721,-912.89331,3351.008789
-1.494058,1.881938,-11.971619,-0.365528,-0.601966,-0.627124,-122.090721,-912.89331,3351.008789
-1.537156,1.704759,-13.288497,-0.475918,-0.58612,0.168907,-122.090721,-912.89331,3351.008789
-1.599408,-0.057464,-12.756958,-0.394957,-0.413012,0.184886,-124.068626,-917.02893,3338.353027
-1.278569,0.330417,-12.349922,-0.349416,-0.37879,-0.096082,-124.068626,-917.02893,3338.353027
-0.770972,1.201951,-12.316402,-0.355675,-0.401693,-0.129505,-124.068626,-917.02893,3338.353027
-0.900266,0.914632,-12.263727,-0.379111,-0.415942,0.081288,-124.068626,-917.02893,3338.353027
-1.752645,0.119716,-12.28767,-0.433973,-0.439245,0.165445,-124.068626,-917.02893,3338.353027
-1.824475,0.464499,-12.527102,-0.442495,-0.447101,-0.007397,-121.731101,-921.52423,3336.446044
-1.656872,1.441383,-12.680338,-0.463135,-0.41674,-0.128173,-121.731101,-921.52423,3336.446044
-1.388708,1.494058,-12.388232,-0.517065,-0.421401,0.119771,-121.731101,-921.52423,3336.446044
-1.058291,0.550694,-12.60372,-0.578851,-0.466276,0.268244,-121.731101,-921.52423,3336.446044
-0.344783,-1.412651,-12.258938,-0.791774,-0.561086,0.320177,-117.775291,-924.760803,3335.752685
-0.483653,-1.302512,-12.086546,-0.939448,-0.677202,0.254795,-117.775291,-924.760803,3335.752685
-0.684777,0.038309,-12.785689,-1.315359,-0.942456,0.34055,-117.775291,-924.760803,3335.752685
2.226721,0.287319,-15.936619,-1.832686,-1.290936,0.980784,-110.403091,-936.448425,3341.473632
2.739106,-0.316051,-17.45462,-2.095677,-1.521969,1.244707,-110.403091,-936.448425,3341.473632
3.816552,-0.569849,-22.324674,-2.813144,-1.886561,1.203827,-110.403091,-936.448425,3341.473632
-4.343303,2.490097,-17.59349,-2.481575,-1.319166,1.140043,-110.403091,-936.448425,3341.473632
-8.198164,4.372035,-13.465677,-1.991679,-1.026481,0.617257,-110.403091,-936.448425,3341.473632
-6.58439,6.455097,-10.736148,-1.364762,-0.995188,-0.374786,-104.649185,-940.044616,3326.910888
-2.605024,5.722434,-10.060949,-0.902696,-0.867487,-0.564805,-104.649185,-940.044616,3326.910888
-1.9825,3.830918,-7.628315,0.597485,0.382886,0.026825,-104.649185,-940.044616,3326.910888
-4.525272,3.174873,-6.704106,1.997797,1.176786,0.229894,-132.519668,-947.057189,3272.993896
-4.534849,2.839668,-7.278744,2.297008,1.429258,-0.141489,-132.519668,-947.057189,3272.993896
-2.379958,4.893998,-10.477561,3.436059,2.43981,-1.45751,-132.519668,-947.057189,3272.993896
-2.710374,9.476734,-13.571027,3.584399,3.240634,0.145204,-128.204238,-962.880432,3315.642089
-4.49654,4.965827,-12.014717,3.563493,3.325857,2.278562,-128.204238,-962.880432,3315.642089
-4.429499,1.652083,-12.756958,3.559232,2.939692,2.079221,-128.204238,-962.880432,3315.642089
-2.494885,-1.632929,-14.236649,3.57814,2.244331,-0.032831,-128.204238,-962.880432,3315.642089
-2.734318,0.349571,-12.378654,3.109817,1.943921,-1.283869,-174.774932,-886.461303,3288.770263
0.679988,1.632929,-8.873364,1.028924,0.917524,-1.520895,-174.774932,-886.461303,3288.770263
-1.570676,2.26503,-7.029735,0.015576,0.019492,-1.006763,-174.774932,-886.461303,3288.770263
-3.43346,3.146141,-10.386577,-1.415362,-1.64927,-0.625127,-174.774932,-886.461303,3288.770263
4.874843,-2.121371,-20.011756,-0.903895,-1.222359,-0.03829,-149.062164,-940.584045,3317.375732
1.24026,-0.335205,-14.160031,-0.389231,-0.486649,-0.381444,-149.062164,-940.584045,3317.375732
1.671238,3.040791,-15.156069,-1.078601,-0.836727,-1.170817,-149.062164,-940.584045,3317.375732
-0.799704,2.935441,-16.061122,-1.008026,-1.006373,-1.087991,-149.062164,-940.584045,3317.375732
-2.451787,2.073484,-11.234168,-0.624258,-0.926744,0.119638,-132.519668,-937.707092,3347.888183
-1.642506,-0.861956,-12.881462,-0.610543,-0.899313,0.960943,-132.519668,-937.707092,3347.888183
-0.60337,-2.820513,-15.103394,-0.681384,-0.839257,0.41512,-132.519668,-937.707092,3347.888183
-0.60337,1.091812,-12.560623,-0.460738,-0.538848,-0.881726,-132.519668,-937.707092,3347.888183
-0.483653,2.308128,-12.167954,-0.456077,-0.539114,-0.501421,-130.541763,-940.763854,3335.926025
-1.216316,-0.498019,-13.13526,-0.565801,-0.625669,0.71473,-130.541763,-940.763854,3335.926025
-1.498847,-0.536328,-12.53668,-0.515999,-0.487582,0.131888,-130.541763,-940.763854,3335.926025
-1.350399,0.751818,-12.263727,-0.503748,-0.4736,-0.099544,-130.541763,-940.763854,3335.926025
-1.297723,0.866745,-12.359499,-0.539968,-0.509287,0.303532,-134.497573,-934.650329,3329.684814
-1.714336,-0.086196,-12.292458,-0.561141,-0.508887,0.443483,-134.497573,-934.650329,3329.684814
-1.69997,-0.028732,-12.330767,-0.584976,-0.499033,0.077959,-134.497573,-934.650329,3329.684814
-1.62814,1.249837,-12.282881,-0.62053,-0.499167,0.002989,-134.497573,-934.650329,3329.684814
-1.80532,1.383919,-12.378654,-0.646896,-0.522336,0.142941,-131.980239,-935.729187,3327.604248
-1.7718,0.368726,-12.426541,-0.698429,-0.553895,0.245341,-131.980239,-935.729187,3327.604248
-1.460537,0.196335,-12.39302,-0.74357,-0.570673,0.191011,-131.980239,-935.729187,3327.604248
-0.339994,0.63689,-13.092163,-1.422553,-1.000914,0.477705,-131.261001,-938.24652,3324.136962
1.106178,0.723086,-14.284536,-1.625356,-1.204249,0.675048,-131.261001,-938.24652,3324.136962
3.591485,-1.24026,-17.512083,-2.258798,-1.7032,1.505967,-131.261001,-938.24652,3324.136962
4.381612,-1.187584,-20.615127,-2.622592,-1.979907,1.622616,-118.854148,-953.530334,3360.023925
-0.53154,0.723086,-22.104396,-2.620062,-1.853271,1.462424,-118.854148,-953.530334,3360.023925
-6.546081,3.375996,-16.827306,-2.143348,-1.378423,1.50357,-118.854148,-953.530334,3360.023925
-10.5877,5.9475,-12.977235,-1.344921,-1.008371,0.228563,-118.854148,-953.530334,3360.023925
-3.57712,5.755954,-8.700973,-0.630517,-0.248959,-0.272519,-132.160049,-961.082336,3307.667236
-4.132603,6.043273,-6.263551,-0.158198,0.12602,-0.441632,-132.160049,-961.082336,3307.667236
-2.968961,1.178007,-6.684952,0.947696,0.567313,0.052126,-132.160049,-961.082336,3307.667236
-2.90192,1.297723,-7.388883,1.823756,0.878374,-0.218589,-132.160049,-961.082336,3307.667236
-3.797397,4.803013,-7.326631,2.81247,1.841122,-1.132999,-156.074737,-951.19281,3257.564208
-2.791781,5.363285,-8.121546,3.124731,2.325824,-0.935123,-156.074737,-951.19281,3257.564208
-2.892343,5.032868,-9.246878,3.298105,2.592677,-0.70702,-156.074737,-951.19281,3257.564208
-3.031214,6.26834,-12.172742,3.823421,3.384847,-0.14575,-156.074737,-951.19281,3257.564208
-3.639372,7.982675,-13.963696,4.025958,3.727734,0.615126,-156.074737,-951.19281,3257.564208
-4.616256,5.832572,-14.016371,4.104788,3.690316,1.982148,-158.592071,-969.893005,3298.478759
-3.318533,-2.61939,-13.250187,4.085747,2.457253,0.892099,-158.592071,-969.893005,3298.478759
-3.39994,-0.038309,-12.316402,3.345776,1.69105,-0.730856,-158.592071,-969.893005,3298.478759
-3.117409,2.15968,-6.220453,-0.098143,0.116832,-1.30118,-184.844268,-901.565307,3237.800292
-5.923557,3.797397,-7.283533,-1.09671,-1.191998,-1.188527,-184.844268,-901.565307,3237.800292
6.881286,-1.369553,-20.797096,-1.293654,-1.603863,-0.847504,-184.844268,-901.565307,3237.800292
0.292108,2.241087,-13.968485,-1.088188,-0.533522,-1.556315,-184.844268,-901.565307,3237.800292
-4.017675,0.78055,-14.456927,-1.487802,-1.07535,-1.892677,-153.017974,-947.416809,3323.270263
-1.977711,2.897132,-12.397809,-0.988851,-1.311843,-1.763379,-153.017974,-947.416809,3323.270263
-1.307301,5.952289,-10.736148,-0.737178,-1.112369,-0.976669,-153.017974,-947.416809,3323.270263
-1.69997,1.407862,-12.910194,-0.846503,-1.0884,0.916068,-153.017974,-947.416809,3323.270263
-1.963345,-1.829263,-14.911849,-0.646496,-0.749108,-0.395159,-170.639312,-889.877685,3291.717529
-1.790954,1.144487,-13.389059,-0.531446,-0.654831,0.40247,-170.639312,-889.877685,3291.717529
-1.714336,0.220278,-13.039487,-0.469127,-0.530193,0.522047,-170.639312,-889.877685,3291.717529
-1.336033,0.440556,-12.378654,-0.396821,-0.442707,0.187416,-149.241973,-945.798522,3310.614501
-1.24026,0.56506,-12.522314,-0.408805,-0.45842,0.140277,-149.241973,-945.798522,3310.614501
-1.494058,0.234644,-12.167954,-0.44396,-0.457754,0.324971,-149.241973,-945.798522,3310.614501
-1.599408,0.138871,-12.364288,-0.519062,-0.498234,0.172236,-150.50064,-945.259094,3309.400878
-1.695181,0.622524,-12.302036,-0.548224,-0.50436,0.066107,-150.50064,-945.259094,3309.400878
-1.513213,1.336033,-12.325979,-0.607613,-0.548569,0.131089,-150.50064,-945.259094,3309.400878
-1.16843,0.981673,-12.421751,-0.64876,-0.591446,0.270641,-150.50064,-945.259094,3309.400878
-0.876322,-0.191546,-12.507947,-0.815609,-0.713421,0.420047,-150.50064,-945.259094,3309.400878
-1.254626,-0.421401,-12.445695,-0.929328,-0.777205,0.41219,-151.759307,-945.798522,3306.800292
-1.613774,0.148448,-12.570199,-1.240923,-0.937529,0.46146,-151.759307,-945.798522,3306.800292
1.043925,0.445344,-15.893521,-1.761179,-1.335545,1.119004,-151.759307,-945.798522,3306.800292
2.006443,0.359149,-17.507295,-1.98076,-1.563915,1.376536,-151.759307,-945.798522,3306.800292
4.697663,0.445344,-24.101263,-2.691036,-1.986032,1.490787,-141.330352,-952.631286,3333.498779
5.162162,1.158853,-25.829963,-2.719932,-2.02638,1.595717,-141.330352,-952.631286,3333.498779
-6.957905,2.121371,-14.05947,-2.135092,-1.01676,1.887071,-141.330352,-952.631286,3333.498779
-11.502331,1.608985,-11.985985,-1.53494,-0.677068,0.813934,-141.330352,-952.631286,3333.498779
-6.957905,3.663315,-8.662664,-0.645697,-0.586786,-0.964685,-165.964263,-908.57788,3244.908447
-2.303339,5.937923,-7.85817,0.129028,-0.177319,-1.701859,-165.964263,-908.57788,3244.908447
-0.842802,4.688086,-8.116758,0.658606,0.412714,-0.920476,-165.964263,-908.57788,3244.908447
-3.471769,4.525272,-6.809457,2.141077,1.672541,0.211252,-165.964263,-908.57788,3244.908447
-4.678508,4.903575,-6.364112,2.602876,2.069891,0.309923,-157.333404,-954.609191,3245.601806
-3.447826,3.213182,-7.810284,2.952022,2.209709,0.162648,-157.333404,-954.609191,3245.601806
-3.486135,2.600235,-10.381788,3.508631,2.599735,-0.519131,-157.333404,-954.609191,3245.601806
-3.529233,4.146969,-11.928522,3.892798,2.942089,-0.898637,-157.333404,-954.609191,3245.601806
-2.298551,10.319536,-16.013236,4.028088,3.702433,-0.144818,-133.238906,-952.811096,3291.023925
-2.33686,9.601239,-14.701148,3.945263,3.885928,1.046565,-133.238906,-952.811096,3291.023925
-3.816552,-0.464499,-12.891039,3.980684,2.865522,2.648214,-133.238906,-952.811096,3291.023925
-4.304994,3.826129,-6.546081,-0.720533,-0.292502,-2.400417,-282.840515,-811.840332,3096.506347
2.394324,4.027253,-13.250187,-1.851861,-1.949147,-1.812781,-282.840515,-811.840332,3096.506347
8.068871,-1.41744,-21.175399,-1.423618,-1.569507,-0.614207,-282.840515,-811.840332,3096.506347
0.871534,0.330417,-13.436945,-0.730387,-0.487848,-0.146949,-160.390167,-894.372924,3305.760009
-0.770972,-0.430978,-14.399463,-1.332936,-0.938328,-0.961356,-160.390167,-894.372924,3305.760009
-2.241087,1.02477,-13.307652,-1.110293,-1.215834,-2.070846,-160.390167,-894.372924,3305.760009
-2.05433,4.889209,-10.788823,-0.752358,-1.038731,-1.799465,-160.390167,-894.372924,3305.760009
-0.890688,4.453442,-12.46485,-0.747431,-1.091329,0.70168,-162.188262,-986.435485,3269.353027
-1.374342,-2.303339,-15.620569,-0.788844,-0.894918,0.703944,-162.188262,-986.435485,3269.353027
-2.169257,-1.336033,-13.049065,-0.49496,-0.604496,-0.237764,-162.188262,-986.435485,3269.353027
-1.374342,2.092639,-12.479215,-0.450618,-0.58905,-0.540836,-162.188262,-986.435485,3269.353027
-1.321667,1.762222,-13.250187,-0.482043,-0.573337,-0.065854,-162.188262,-986.435485,3269.353027
-0.799704,0.78055,-12.53189,-0.41786,-0.422999,0.418183,-124.428245,-936.088806,3309.227539
-0.976884,0.033521,-12.364288,-0.441563,-0.427526,0.434428,-124.428245,-936.088806,3309.227539
-1.197162,-0.732663,-12.230206,-0.487104,-0.428592,0.297007,-124.428245,-936.088806,3309.227539
-1.331244,-0.172391,-12.124855,-0.567,-0.474266,0.118173,-131.62062,-926.379089,3298.478759
-1.245048,0.541117,-12.177531,-0.596428,-0.502895,-0.015786,-131.62062,-926.379089,3298.478759
-1.52279,1.810109,-12.661184,-0.662475,-0.540712,0.034282,-131.62062,-926.379089,3298.478759
-1.69997,1.819686,-12.498371,-0.67193,-0.53006,0.183288,-131.62062,-926.379089,3298.478759
-1.565888,0.038309,-12.512736,-0.757552,-0.571073,0.36878,-131.62062,-926.379089,3298.478759
-0.493231,-0.694354,-12.445695,-0.838646,-0.625535,0.326835,-128.204238,-929.435852,3299.345458
-0.239432,-1.62814,-11.717821,-1.181667,-0.828205,0.317913,-128.204238,-929.435852,3299.345458
0.153237,-0.287319,-14.150453,-1.696064,-1.242333,0.446546,-128.204238,-929.435852,3299.345458
3.174873,-0.263376,-16.961389,-2.043478,-1.562982,0.846692,-128.204238,-929.435852,3299.345458
4.8509,-0.517174,-20.873714,-2.739373,-2.059004,1.535529,-118.31472,-942.921569,3322.75
3.845284,0.747029,-25.13561,-3.128201,-2.198422,1.562294,-118.31472,-942.921569,3322.75
-4.77907,2.542772,-18.168128,-2.8214,-1.189868,1.891865,-118.31472,-942.921569,3322.75
-13.585393,4.683297,-11.358672,-1.654518,-0.306883,0.163181,-116.157005,-921.70404,3286.689697
-0.670411,5.013714,-6.72805,0.236089,0.54108,-1.106767,-116.157005,-921.70404,3286.689697
-1.977711,3.701624,-6.526926,1.020135,1.0893,-0.431112,-116.157005,-921.70404,3286.689697
-4.419921,5.564408,-5.224414,2.489424,1.805435,0.057985,-148.882354,-955.14862,3236.06665
-3.438249,5.281878,-5.861304,2.693292,1.964694,0.126429,-148.882354,-955.14862,3236.06665
-2.772627,2.949807,-8.538159,3.155757,2.202518,0.246672,-148.882354,-955.14862,3236.06665
-3.213182,2.992905,-10.831921,3.841265,2.684824,-0.465068,-148.882354,-955.14862,3236.06665
-3.768666,5.233992,-12.862307,4.030752,3.031972,-0.723132,-134.497573,-940.404235,3275.594238
-2.925864,9.787996,-15.452965,4.000924,3.791384,0.983048,-134.497573,-940.404235,3275.594238
-3.548388,5.674547,-13.144838,3.818628,3.765285,1.825285,-134.497573,-940.404235,3275.594238
-3.237126,-2.360803,-12.9916,3.841931,2.51358,1.362021,-134.497573,-940.404235,3275.594238
-0.957729,-1.321667,-13.518352,3.504636,1.704366,-0.154139,-238.067916,-841.86853,3193.765136
1.776588,1.388708,-6.598756,1.032386,0.598339,-0.59157,-238.067916,-841.86853,3193.765136
-3.519656,1.695181,-7.18776,-0.590303,-0.351492,-0.364266,-238.067916,-841.86853,3193.765136
1.862784,-1.278569,-13.705109,-1.538536,-1.831034,-0.585711,-238.067916,-841.86853,3193.765136
4.31936,-2.748684,-17.569547,-0.719867,-0.754701,-1.158965,-118.854148,-916.849121,3358.636962
1.513213,1.125332,-14.030737,-1.018945,-0.657627,-1.845406,-118.854148,-916.849121,3358.636962
-2.341649,2.327283,-14.188763,-1.467029,-1.371498,-2.006929,-118.854148,-916.849121,3358.636962
-1.829263,3.447826,-12.014717,-1.102569,-1.40359,-1.566169,-118.854148,-916.849121,3358.636962
-2.739106,4.937096,-10.62122,-0.784583,-1.120891,0.442018,-149.241973,-956.227478,3280.79541
-1.039137,-1.656872,-16.377174,-1.016548,-1.143795,1.047098,-149.241973,-956.227478,3280.79541
-1.470115,-2.394324,-15.041142,-0.757818,-0.802505,0.205792,-149.241973,-956.227478,3280.79541
-1.321667,2.648122,-11.645991,-0.460338,-0.622606,-0.95523,-149.241973,-956.227478,3280.79541
-1.144487,3.423883,-12.9916,-0.531845,-0.686256,-0.47652,-149.241973,-956.227478,3280.79541
-1.647295,0.842802,-13.039487,-0.47685,-0.535253,0.647484,-128.923477,-955.32843,3311.481201
-1.62814,0.067041,-12.345133,-0.421988,-0.451628,0.598348,-128.923477,-955.32843,3311.481201
-1.431806,0.023943,-12.522314,-0.420524,-0.437513,0.076227,-128.923477,-955.32843,3311.481201
-1.149275,0.545906,-12.172742,-0.436769,-0.429923,0.081953,-133.958145,-934.1109,3307.667236
-1.115755,0.416612,-12.057815,-0.48191,-0.465877,0.173035,-133.958145,-934.1109,3307.667236
-1.527578,1.077446,-12.249361,-0.652222,-0.576666,0.097666,-133.958145,-934.1109,3307.667236
-0.794915,0.119716,-12.349922,-0.803092,-0.692515,0.333759,-131.261001,-936.088806,3306.800292
-0.330417,-0.785338,-12.460061,-0.922803,-0.776938,0.381164,-131.261001,-936.088806,3306.800292
-1.9825,-1.398285,-12.067392,-1.249845,-0.903041,0.167442,-131.261001,-936.088806,3306.800292
-1.59462,-0.229855,-13.173569,-1.452514,-1.062966,0.141476,-131.261001,-936.088806,3306.800292
2.485308,-0.07183,-16.942234,-2.046541,-1.506523,0.950823,-125.866722,-942.56195,3315.121826
4.027253,-0.330417,-21.199342,-2.748428,-1.974847,1.162547,-125.866722,-942.56195,3315.121826
4.281051,1.053502,-24.948852,-3.0005,-2.043957,1.097432,-125.866722,-942.56195,3315.121826
-4.386401,4.008098,-15.103394,-2.340159,-1.151784,1.647516,-125.866722,-942.56195,3315.121826
-9.433636,5.478213,-11.871057,-1.818438,-0.924879,1.184785,-118.13491,-945.618713,3313.561523
-6.507772,5.741588,-9.294765,-1.178338,-0.802106,-0.054403,-118.13491,-945.618713,3313.561523
-1.743068,3.941057,-8.131124,-0.152206,-0.305419,-0.469463,-118.13491,-945.618713,3313.561523
-1.427017,2.236298,-7.791129,0.50707,0.290606,-0.204474,-118.13491,-945.618713,3313.561523
-4.223587,3.89317,-6.225242,2.109651,1.201021,-0.075841,-138.992828,-949.214904,3263.63208
-3.122198,4.726395,-6.579602,2.449875,1.43525,-0.187696,-138.992828,-949.214904,3263.63208
-2.456576,2.8684,-9.09843,2.844961,1.885331,-0.27678,-138.992828,-949.214904,3263.63208
-3.112621,3.227548,-9.922078,3.487858,2.532222,-0.874935,-138.992828,-949.214904,3263.63208
-2.667277,4.577947,-11.042621,3.67588,2.823177,-1.19372,-142.049591,-938.60614,3280.79541
-3.294589,8.600411,-15.103394,3.735403,3.500962,-0.196751,-142.049591,-938.60614,3280.79541
-3.366419,8.193376,-14.677205,3.683204,3.7537,0.920596,-142.049591,-938.60614,3280.79541
-3.404728,2.078273,-13.240611,3.745523,3.271927,2.004652,-142.049591,-938.60614,3280.79541
-2.705586,-1.005616,-12.139222,3.449908,1.977078,0.77372,-165.604644,-914.691406,3283.049072
-1.599408,-1.019982,-10.190242,2.687166,1.409017,-0.032564,-165.604644,-914.691406,3283.049072
-2.092639,0.2107,-7.230857,-0.030364,-0.065065,-0.695968,-165.604644,-914.691406,3283.049072
-4.95625,1.364764,-7.953943,-0.875531,-1.058572,-1.03779,-165.604644,-914.691406,3283.049072
4.304994,-1.374342,-17.847288,-1.592465,-1.764986,-1.288397,-170.639312,-909.656738,3249.415771
5.688913,-0.330417,-20.543296,-0.973404,-1.333281,-1.105036,-170.639312,-909.656738,3249.415771
1.561099,4.740761,-12.153588,-1.290591,-0.860563,-1.31929,-170.639312,-909.656738,3249.415771
-2.748684,3.557965,-12.527102,-0.887782,-1.295197,-0.268524,-149.961212,-911.994262,3293.277832
-0.828436,1.000827,-14.413829,-0.940247,-0.961232,0.895428,-149.961212,-911.994262,3293.277832
-2.245876,-1.709547,-13.733841,-0.960887,-0.826873,0.347208,-149.961212,-911.994262,3293.277832
-1.637717,2.676854,-12.469638,-0.563138,-0.738455,-0.743506,-131.440811,-940.224426,3315.988769
-1.862784,2.049541,-12.53189,-0.605616,-0.693048,0.33549,-131.440811,-940.224426,3315.988769
-1.87715,0.373515,-12.699493,-0.599224,-0.651368,0.605406,-131.440811,-940.224426,3315.988769
-1.719124,-0.148448,-12.373866,-0.517198,-0.571872,0.214581,-131.440811,-940.224426,3315.988769
-1.455749,0.593792,-12.191897,-0.50002,-0.572937,0.022697,-131.440811,-940.224426,3315.988769
-1.671238,1.034348,-12.062603,-0.551287,-0.60929,0.273571,-137.374526,-933.931091,3307.146972
-1.848418,0.598581,-12.407386,-0.603086,-0.630063,0.409261,-137.374526,-933.931091,3307.146972
-2.217144,0.876322,-12.239783,-0.648627,-0.613684,0.236952,-137.374526,-933.931091,3307.146972
-2.274607,1.403074,-12.048237,-0.677389,-0.607426,0.085549,-137.374526,-933.931091,3307.146972
-2.102216,2.197989,-12.460061,-0.717204,-0.658559,0.152661,-133.778335,-937.527282,3306.106933
-1.489269,1.7718,-12.560623,-0.77899,-0.707029,0.413522,-133.778335,-937.527282,3306.106933
-0.699142,1.029559,-12.914982,-0.869539,-0.757896,0.443749,-133.778335,-937.527282,3306.106933
-0.651256,-0.747029,-12.39302,-1.220949,-0.869218,0.504337,-133.958145,-934.47052,3303.506347
-1.398285,-0.727874,-12.517525,-1.441062,-1.000381,0.588228,-133.958145,-934.47052,3303.506347
0.952941,0.727874,-16.28619,-1.894472,-1.568042,1.094103,-133.958145,-934.47052,3303.506347
4.170912,-1.053502,-21.59201,-2.531377,-1.911729,1.580404,-133.958145,-934.47052,3303.506347
3.89317,-0.981673,-22.93762,-2.612605,-1.900011,1.604239,-133.958145,-934.47052,3303.506347
-7.206914,3.198817,-15.998871,-2.007658,-1.265503,1.423009,-106.44728,-950.113952,3366.091796
-7.925211,4.941884,-14.107356,-1.656782,-1.14739,0.559998,-106.44728,-950.113952,3366.091796
-6.747204,5.032868,-11.277265,-0.976733,-0.410881,-0.083565,-106.44728,-950.113952,3366.091796
-6.100737,7.910845,-5.439903,0.144208,0.264107,-0.713545,-145.286163,-953.710144,3241.267578
-2.90192,4.822168,-6.325803,0.378836,0.047855,-0.354279,-145.286163,-953.710144,3241.267578
-0.8859,2.446999,-9.390538,1.699518,0.616582,-0.014455,-145.286163,-953.710144,3241.267578
-3.002482,4.113448,-9.146317,2.585033,1.394902,-0.385039,-145.286163,-953.710144,3241.267578
-2.375169,7.039312,-8.054506,3.236585,2.162437,-0.466799,-144.207305,-964.498718,3257.564208
-3.639372,6.890863,-12.737803,4.229426,3.257545,0.094204,-144.207305,-964.498718,3257.564208
-4.510906,6.488617,-14.308479,3.863369,3.686055,0.994633,-144.207305,-964.498718,3257.564208